,Unnamed: 0,AGIClss,Cnt_Adjstd,Cnt_Credit,Cnt_CvlJnt,Cnt_CvlSep,Cnt_EIC,Cnt_Estmt,Cnt_Exempt,Cnt_HdHous,Cnt_MarJnt,Cnt_MarSep,Cnt_NoTax,Cnt_Return,Cnt_Single,Cnt_Wthhld,Dol_AGI,Dol_AdjVTx,Dol_Credit,Dol_EIC,Dol_IncCap,Dol_NtVTax,Dol_Return,Dol_VTAGI,Dol_VTax,STI_AdjVTx,STI_Credit,STI_EIC,STI_EffRte,STI_FedTI,STI_NetRte,STI_NtVTax,STI_PrcAdj,STI_Return,STI_RtTIAdj,STI_TIAdj,STI_VTI,STI_VTax,Year,Location
0,0,None/Missing,1.0,0.0,0.0,1.0,24.0,16.0,177.0,9.0,34.0,11.0,209.0,219.0,164.0,177.0,0.0,315.0,0.0,881.0,,315.0,219.0,0.0,315.0,73222.8566,203.0,11094066.0,,6544872.0,,73019.8566,,60790.0,1177.0,6544872.0,0.0,76174.0,2005,Vermont
1,1,0.01 - 4999,351.0,32.0,2.0,7.0,5066.0,472.0,20629.0,1312.0,2301.0,222.0,26018.0,28324.0,24480.0,17910.0,74896216.68,114910.7071,473.0,838214.0,,114437.7071,28324.0,76721099.67999999,116591.0,2682423.0435,40484.6226,3849759.0,,82059903.77,,2641938.4208999984,,33462.0,4683.0,5987177.0,76072726.77,2741829.0,2005,Vermont
2,2,5000 - 9999,863.0,489.0,7.0,13.0,7560.0,678.0,27818.0,2158.0,3016.0,301.0,16030.0,27782.0,22287.0,20080.0,205506415.82,788609.5721999998,20080.7542,3085280.0,,768528.818,27782.0,208286341.82,803012.0,6668363.058899998,113988.8233,2332930.0,,198554528.28,,6554374.235599997,,25831.0,2996.0,6295535.0,192258993.28,6866730.0,2005,Vermont
3,3,10000 - 14999,1087.0,623.0,4.0,12.0,5842.0,1049.0,35659.0,3012.0,3934.0,367.0,7631.0,23926.0,16597.0,17826.0,298543289.57,2496529.2573999967,61240.95890000001,4659635.0,,2435288.298499998,23926.0,292015144.57,2574362.0,10223997.532599987,149188.06240000002,804615.0,,298175848.0,,10074809.470199993,,23421.0,2543.0,5883201.0,292292647.0,10481213.0,2005,Vermont
4,4,15000 - 19999,1103.0,504.0,8.0,19.0,4661.0,1360.0,36837.0,3154.0,4981.0,427.0,4773.0,23386.0,14797.0,18914.0,408821387.27,4922671.966099999,78155.3624,4283283.0,,4844516.603699998,23386.0,407745654.27,5095290.0,13220606.57839999,199497.3649,88958.0,,381748266.0,,13021109.213499993,,21514.0,2429.0,5922205.0,375826061.0,13495743.0,2005,Vermont
5,5,20000 - 24999,911.0,456.0,7.0,26.0,4788.0,1512.0,36461.0,3252.0,5029.0,504.0,1785.0,22366.0,13548.0,19353.0,502604137.0,7981381.289600013,106010.5231,3068410.0,,7875370.766500013,22366.0,499992638.0,8189008.0,15202918.049800005,235378.7254,1859.0,,438222000.0,,14967539.324400002,,19232.0,2494.0,6827485.0,431394515.0,15509528.0,2005,Vermont
6,6,25000 - 29999,705.0,458.0,11.0,19.0,4295.0,1654.0,34282.0,2731.0,5214.0,445.0,799.0,20272.0,11852.0,17930.0,556985358.15,10334756.773800002,137297.8782,1663019.0,,10197458.895600004,20272.0,548679323.15,10545132.0,16263610.221900018,291901.6618,1479.0,,466011422.28,,15971708.56010002,,16736.0,2393.0,6882877.0,459128545.28,16542263.0,2005,Vermont
7,7,30000 - 34999,658.0,449.0,12.0,25.0,2479.0,1565.0,31104.0,2166.0,5359.0,382.0,432.0,17434.0,9490.0,15659.0,565529032.28,11376234.68219999,152945.61019999994,524960.0,,11223289.071999988,17434.0,556550348.28,11613628.0,16689331.220099993,336813.9069000001,1.0,,462017596.64,,16352517.313199988,,14033.0,2239.0,7015085.0,455002511.64,16993081.0,2005,Vermont
8,8,35000 - 39999,560.0,427.0,11.0,22.0,570.0,1618.0,29391.0,1723.0,5858.0,298.0,258.0,15361.0,7449.0,13934.0,575161540.0,12254710.309400005,186261.69180000003,40015.0,,12068448.617600007,15361.0,567145667.0,12493752.0,17506171.299599994,351031.3051,2.0,,466857103.0,,17155139.994499996,,12301.0,2198.0,6368939.0,460488164.0,17806286.0,2005,Vermont
9,9,40000 - 44999,483.0,460.0,18.0,10.0,0.0,1481.0,26456.0,1269.0,5948.0,232.0,203.0,12913.0,5436.0,11688.0,547758885.01,12469597.698800005,229138.0594,0.0,,12240459.639400005,12913.0,539435013.01,12713458.0,17203269.806399986,386281.1612,0.0,,452374970.0,,16816988.64519999,,10490.0,2058.0,7205867.0,445169103.0,17493128.0,2005,Vermont
10,10,45000 - 49999,389.0,425.0,20.0,20.0,0.0,1527.0,26373.0,1072.0,6463.0,163.0,157.0,11843.0,4105.0,10732.0,562079617.0,13394754.6793,255425.3456,0.0,,13139329.3337,11843.0,554438657.0,13625670.0,16761060.349799993,403911.39950000006,0.0,,439482467.0,,16357148.950299995,,9127.0,1979.0,6580434.0,432902033.0,17019637.0,2005,Vermont
11,11,50000 - 59999,577.0,846.0,55.0,24.0,0.0,2779.0,47019.0,1225.0,13044.0,232.0,207.0,19601.0,5021.0,17948.0,1075499260.0,26839297.2497,562642.7992,0.0,,26276654.4505,19601.0,1061428856.0,27306021.0,33822987.59320001,900054.2590000002,0.0,,834672591.98,,32922933.334199995,,14975.0,3710.0,14137191.0,820535400.98,34446016.0,2005,Vermont
12,12,60000 - 74999,669.0,1174.0,88.0,29.0,0.0,3902.0,62062.0,905.0,18777.0,179.0,244.0,23830.0,3852.0,21858.0,1599579032.69,42111200.7635,954259.5935,0.0,,41156941.17000001,23830.0,1586589487.69,42817496.0,44686903.06950001,1291826.471,0.0,,992877879.0,,43395076.59850001,,14582.0,4202.0,19098172.0,973779707.0,45573770.0,2005,Vermont
13,13,75000 - 99999,754.0,1524.0,115.0,10.0,0.0,4803.0,66282.0,537.0,20618.0,136.0,205.0,23773.0,2357.0,21791.0,2043961488.01,63235708.01610006,1714317.5098,0.0,,61521390.50630007,23773.0,2021697967.01,64406640.0,48293627.48700003,1617575.1603,0.0,,965606981.66,,46676052.32670003,,10982.0,4042.0,26049125.0,939557856.66,49346833.0,2005,Vermont
14,14,100000 - 124999,399.0,861.0,62.0,5.0,0.0,2873.0,29557.0,212.0,9127.0,52.0,88.0,10431.0,973.0,9328.0,1155234243.27,41986525.887700014,1315111.8371,0.0,,40671414.05060002,10431.0,1133455670.27,42881631.0,30391031.6758,1149953.3531999998,0.0,,562872218.0,,29241078.3226,,4877.0,2346.0,21481163.0,541391055.0,31091342.0,2005,Vermont
15,15,125000 - 149999,209.0,553.0,30.0,3.0,0.0,1713.0,14417.0,102.0,4422.0,33.0,51.0,5086.0,496.0,4467.0,694002631.39,27836120.15370001,1052017.5492,0.0,,26784102.60450001,5086.0,680295503.39,28479822.0,21263940.743,928516.8382,0.0,,370771899.0,,20335423.9048,,2590.0,1337.0,17700738.0,353071161.0,21833942.0,2005,Vermont
16,16,150000 - 199999,207.0,619.0,22.0,2.0,0.0,2069.0,13434.0,124.0,4093.0,30.0,52.0,4759.0,488.0,4013.0,814850862.0,35851882.22900002,1575641.0751,0.0,,34276241.153900005,4759.0,797648928.0,36775928.0,26885345.0435,1428568.2586000003,0.0,,439993723.0,,25456776.7849,,2419.0,1407.0,24687138.0,415306585.0,27690059.0,2005,Vermont
17,17,200000 - 299999,160.0,545.0,7.0,0.0,0.0,1778.0,9011.0,65.0,2742.0,19.0,37.0,3202.0,369.0,2572.0,767395341.0,38894386.4552,2143675.1084000003,0.0,,36750711.34679999,3202.0,745681651.0,40170032.0,32505335.97160001,2019224.1507,0.0,,496021536.0,,30486111.82090001,,1900.0,1240.0,37968809.0,458052727.0,33562338.0,2005,Vermont
18,18,300000 - 499999,82.0,379.0,3.0,0.0,0.0,1126.0,4783.0,38.0,1475.0,18.0,17.0,1736.0,202.0,1305.0,652893698.0,37903089.39649999,2498808.868,0.0,,35404280.52849999,1736.0,633767387.0,39179852.0,32477963.087199993,2295356.0,0.0,,463904319.0,,30182607.087199993,,1118.0,828.0,41948937.0,421955382.0,33770607.0,2005,Vermont
19,19,500000 - 999999,44.0,265.0,1.0,0.0,0.0,634.0,2120.0,16.0,648.0,11.0,11.0,806.0,130.0,547.0,547165290.01,33656438.87080001,2862257.6213,0.0,,30794181.24950001,806.0,527866839.01,34944714.0,30379143.86500001,2918621.6213,0.0,,416973585.0,,27460522.2437,,543.0,431.0,51680430.0,365293155.0,31660733.0,2005,Vermont
20,20,State Total,10296.0,11267.0,485.0,250.0,35585.0,35157.0,559930.0,25201.0,124529.0,4146.0,62876.0,301188.0,146577.0,249162.0,14626285918.15,490107450.2087001,26590456.5278,18173669.0,,463516993.68090016,301188.0,14496591457.15,503424188.0,490107450.2087,26590456.5278,18173669.0,,10056207159.61,,463516993.6809,,301188.0,46970.0,505722560.0,9550484599.61,503424188.0,2005,Vermont
21,21,Out of State,37541.0,506.0,16.0,13.0,499.0,7207.0,91166.0,2757.0,21312.0,1596.0,10348.0,46960.0,21266.0,33033.0,18952488718.7,45003998.33080003,819620.5555,164654.0,,44184377.775300026,46960.0,6714182641.58,1245494518.0,45003998.33080001,819620.5555,164654.0,,16425959708.43,,44184377.77530001,,46960.0,11762.0,2367223380.0,14058736328.43,1245494518.0,2005,Vermont
22,22,All Returns,47837.0,11773.0,501.0,263.0,36084.0,42364.0,651096.0,27958.0,145841.0,5742.0,73224.0,348148.0,167843.0,282195.0,33578774636.85,535111448.5395001,27410077.0833,18338323.0,,507701371.4562002,348148.0,21210774098.73,1748918706.0,535111448.5395,27410077.0833,18338323.0,,26482166868.04,,507701371.45620006,,348148.0,58732.0,2872945940.0,23609220928.04,1748918706.0,2005,Vermont
23,23,None/Missing,0.0,0.0,0.0,0.0,13.0,13.0,120.0,4.0,21.0,0.0,139.0,142.0,117.0,114.0,0.0,267.0,0.0,509.0,,267.0,142.0,0.0,267.0,83621.4193,1707.6041,11555298.8,,7067665.0,,81913.8152,,61081.0,1221.0,7067665.0,0.0,84893.0,2006,Vermont
24,24,0.01 - 4999,322.0,27.0,2.0,12.0,5131.0,441.0,19612.0,1292.0,2134.0,214.0,25482.0,27718.0,24064.0,17659.0,73753154.72,102688.586,362.0,811307.8,,102326.586,27718.0,74833094.72,103160.0,2665016.6338000046,42686.7628,4035394.0,,81380758.44999999,,2622329.8710000045,,32832.0,4825.0,6033254.0,75347504.44999999,2724700.0,2006,Vermont
25,25,5000 - 9999,784.0,537.0,3.0,14.0,7864.0,621.0,27047.0,2193.0,2927.0,313.0,16439.0,27299.0,21849.0,19538.0,201999326.46,759623.1692999998,20479.7592,3068055.0,,739143.4101,27299.0,211095344.46,770485.0,6476306.523600003,103477.8255,2301434.0,,192072142.29,,6372828.6981000025,,24901.0,2965.0,6210965.0,185861177.29,6649631.0,2006,Vermont
26,26,10000 - 14999,973.0,565.0,2.0,7.0,6070.0,902.0,34599.0,2987.0,3652.0,344.0,7638.0,23451.0,16459.0,17343.0,292715112.0,2345271.6340000043,57500.64889999999,4668833.0,,2287770.9851000025,23451.0,289722449.0,2414765.0,10087759.129299996,157747.50639999998,905728.0,,295497122.02,,9930011.622899998,,23153.0,2725.0,6583147.0,288913975.02,10355662.0,2006,Vermont
27,27,15000 - 19999,1050.0,479.0,9.0,16.0,4586.0,1218.0,35591.0,3178.0,4530.0,425.0,4926.0,22726.0,14568.0,18247.0,397403666.01,4667204.533199997,80559.1236,4433273.0,,4586645.409599996,22726.0,388887609.01,4826613.0,13081932.11009999,197866.8142,122634.0,,378720364.53,,12884065.295899993,,21320.0,2538.0,6446626.0,372273738.53,13363836.0,2006,Vermont
28,28,20000 - 24999,926.0,468.0,5.0,15.0,4671.0,1390.0,35303.0,3168.0,4624.0,500.0,1839.0,21985.0,13673.0,18964.0,494318796.04,7706503.339700006,109616.85,3266940.0,,7596886.489700006,21985.0,489008927.04,7914387.0,15267943.2908,249406.4355,2894.0,,438897358.82,,15018536.855300002,,19273.0,2489.0,6415602.0,432481756.82,15548846.0,2006,Vermont
29,29,25000 - 29999,717.0,423.0,13.0,29.0,4282.0,1481.0,33461.0,2745.0,4841.0,487.0,887.0,20088.0,11973.0,17747.0,551801954.4,10052541.216299998,127577.6242,1886262.0,,9924963.5921,20088.0,545698461.4,10265064.0,16177494.009100007,309495.4399,2.0,,463913416.0,,15867998.569200013,,16636.0,2578.0,7354015.0,456559401.0,16453216.0,2006,Vermont
30,30,30000 - 34999,616.0,433.0,9.0,18.0,2823.0,1496.0,30832.0,2324.0,5014.0,403.0,447.0,17771.0,10003.0,15901.0,576417255.97,11499098.542000001,157244.84279999998,685632.0,,11341853.699199995,17771.0,569623185.97,11722707.0,16937067.5346,318763.3809,0.0,,474020740.0,,16618304.1537,,14375.0,2523.0,7900808.0,466119932.0,17250397.0,2006,Vermont
31,31,35000 - 39999,508.0,442.0,23.0,26.0,900.0,1478.0,28118.0,1714.0,5369.0,310.0,314.0,15172.0,7730.0,13721.0,568313395.02,11955619.5214,202652.9816,91758.0,,11752966.5398,15172.0,561068634.02,12154543.0,17379913.60069998,369168.3333,0.0,,466327979.01,,17010745.26739999,,12243.0,2381.0,7916915.0,458411064.01,17669868.0,2006,Vermont
32,32,40000 - 44999,527.0,444.0,14.0,19.0,0.0,1446.0,26259.0,1263.0,5742.0,278.0,236.0,13157.0,5841.0,11878.0,558501518.0,12430766.6282,208996.0885,0.0,,12221770.5397,13157.0,548305692.0,12693605.0,17569502.6317,354254.0856,0.0,,463707815.31,,17215248.5461,,10738.0,2261.0,7906888.0,455800927.31,17902811.0,2006,Vermont
33,33,45000 - 49999,386.0,426.0,25.0,13.0,0.0,1407.0,25246.0,1178.0,5986.0,171.0,179.0,11748.0,4375.0,10660.0,557661700.53,13080228.853800004,242636.7701,0.0,,12837592.083700007,11748.0,548894616.53,13323848.0,17374220.735600006,370075.8542,0.0,,457150571.11,,17004144.881400008,,9459.0,2243.0,8289727.0,448860844.11,17694028.0,2006,Vermont
34,34,50000 - 59999,614.0,776.0,44.0,20.0,0.0,2930.0,46618.0,1379.0,12643.0,230.0,271.0,20179.0,5863.0,18316.0,1107338124.32,27341964.4699,507710.065,0.0,,26834254.4049,20179.0,1090450861.01,27850458.0,33981547.05070003,814836.1712000001,0.0,,851867485.21,,33166710.87950001,,15280.0,3835.0,15184459.0,836683026.21,34559132.0,2006,Vermont
35,35,60000 - 74999,709.0,1175.0,90.0,32.0,0.0,3935.0,61072.0,960.0,18348.0,184.0,240.0,24001.0,4387.0,21968.0,1612134404.13,41926447.24160002,940559.5049,0.0,,40985887.73670004,24001.0,1587722368.13,42679631.0,47092973.93489999,1317364.0586,0.0,,1060426816.0,,45775609.87629999,,15522.0,4724.0,23269217.0,1037157599.0,47891122.0,2006,Vermont
36,36,75000 - 99999,669.0,1587.0,137.0,15.0,0.0,5302.0,69998.0,635.0,21815.0,149.0,215.0,25586.0,2835.0,23447.0,2202982643.2,66718763.28469997,1729320.2773,0.0,,64989443.00739999,25586.0,2175940209.2,67748322.0,54120524.07740006,1807291.202,0.0,,1094252091.58,,52313232.87540005,,12439.0,4790.0,30180179.0,1064071912.58,55198917.0,2006,Vermont
37,37,100000 - 124999,397.0,1069.0,68.0,4.0,0.0,3118.0,32872.0,246.0,10269.0,77.0,97.0,11779.0,1115.0,10619.0,1305971803.76,46477720.7018,1522935.7785999996,0.0,,44954784.9232,11779.0,1283761455.76,47399172.85,33559712.79999999,1236016.7140000002,0.0,,629558656.77,,32323696.08599999,,5443.0,2626.0,25233621.0,604325035.77,34381812.85,2006,Vermont
38,38,125000 - 149999,229.0,628.0,38.0,2.0,0.0,2016.0,16244.0,125.0,5013.0,33.0,44.0,5789.0,578.0,5058.0,789414552.0,31017199.327099986,1108529.6691,0.0,,29908669.65799998,5789.0,776301775.0,31697740.0,22787291.62870001,888459.0,0.0,,401831701.01,,21898832.62870001,,2795.0,1611.0,20123989.0,381707712.01,23286517.0,2006,Vermont
39,39,150000 - 199999,226.0,697.0,27.0,2.0,0.0,2335.0,14800.0,130.0,4498.0,31.0,44.0,5275.0,587.0,4436.0,903239023.59,39027838.20540002,1489224.9313,0.0,,37538613.27410001,5275.0,885435968.5899998,40044380.0,31522288.29990001,1577877.2005,0.0,,521152390.01,,29944411.09940001,,2867.0,1783.0,29980577.0,491171813.01,32506891.0,2006,Vermont
40,40,200000 - 299999,165.0,648.0,7.0,1.0,0.0,1996.0,10443.0,77.0,3201.0,22.0,38.0,3720.0,412.0,3008.0,887329972.0,43946034.71489999,2296846.3427,0.0,,41649188.37220001,3720.0,864624358.0,45183137.0,33869207.54010001,1976953.8691,0.0,,517345031.0,,31892253.67100001,,1994.0,1362.0,37725603.0,479619428.0,34832886.0,2006,Vermont
41,41,300000 - 499999,87.0,420.0,6.0,0.0,0.0,1214.0,5121.0,27.0,1589.0,24.0,20.0,1867.0,221.0,1421.0,705648969.0,39790078.04939999,2462842.5174,0.0,,37327235.53199999,1867.0,685159032.0,41009393.0,35295060.30229999,2425456.5174,0.0,,497029775.0,,32869603.784899995,,1206.0,939.0,41344304.0,455685471.0,36253187.0,2006,Vermont
42,42,500000 - 999999,36.0,278.0,1.0,0.0,0.0,641.0,2390.0,23.0,705.0,16.0,7.0,881.0,136.0,637.0,594881787.0,36801702.51099999,3038649.0,0.0,,33763053.511,881.0,579398062.0,37913091.0,34539055.8949,3188872.0,0.0,,472029834.0,,31350183.894899994,,601.0,501.0,58956361.0,413073473.0,35787416.0,2006,Vermont
43,43,State Total,10028.0,11749.0,526.0,250.0,36681.0,36012.0,562315.0,25784.0,124553.0,4304.0,63077.0,304471.0,149054.0,251910.0,15700422021.17,536392646.7195,25612487.8764,18923384.8,,510780158.8431,304471.0,15552138000.860003,550301964.85,536392646.71950006,25612487.8764,18923384.8,,10865105391.12,,510780158.8431,,304471.0,51199.0,600862639.0,10264242752.12,550301964.85,2006,Vermont
44,44,Out of State,38037.0,547.0,15.0,15.0,502.0,6756.0,91786.0,2755.0,21402.0,1662.0,10776.0,47800.0,21951.0,33789.0,20512359757.05,43807711.2669,741627.9373999998,164003.0,,43066083.32950001,47800.0,8610690507.63,1320806930.0,43807711.2669,741627.9373999998,164003.0,,18020387802.18,,43066083.3295,,47800.0,12587.0,3130205997.0,14890181805.18,1320806930.0,2006,Vermont
45,45,All Returns,48065.0,12296.0,541.0,265.0,37183.0,42768.0,654101.0,28539.0,145955.0,5966.0,73853.0,352271.0,171005.0,285699.0,36212781778.22,580200357.9863999,26354115.8138,19087387.8,,553846242.1726,352271.0,24162828508.49,1871108894.85,580200357.9864,26354115.8138,19087387.8,,28885493193.300007,,553846242.1726,,352271.0,63786.0,3731068636.0,25154424557.300003,1871108894.85,2006,Vermont
46,46,None/Missing,0.0,1.0,0.0,0.0,23.0,23.0,130.0,5.0,19.0,4.0,149.0,155.0,127.0,107.0,0.0,5048.0,1.0,627.0,,5047.0,155.0,0.0,5048.0,88367.57010000003,340.0,12559051.0,,7027817.0,,88027.57010000003,1.0,65364.0,1163.0,7027817.0,0.0,91447.0,2007,Vermont
47,47,0.01 - 4999,331.0,36.0,4.0,13.0,5618.0,431.0,22076.0,1358.0,2325.0,246.0,27393.0,29875.0,25929.0,18192.0,77396000.66999999,112802.9272,741.0,870651.0,0.9946815339754428,112061.9272,29875.0,76984372.66999999,113938.0,2599437.4736999967,44305.213,3976919.0,,80531516.33,0.03486551374260386,2555132.2606999967,0.0899789465071904,32097.0,5050.0,7246141.0,73285375.33,2654215.0,2007,Vermont
48,48,5000 - 9999,762.0,470.0,5.0,11.0,8163.0,579.0,27325.0,2127.0,2853.0,315.0,18044.0,27732.0,22421.0,19640.0,205224874.93,660154.5253,19273.9742,3145254.0,1.0304188758898225,640880.5510999998,27732.0,211467584.93,668531.0,6460939.3221999975,115357.17010000002,2442800.0,,192381232.79,0.034363339417422034,6345582.152099998,0.04012781750092453,24801.0,3237.0,7719839.0,184661393.79,6615491.0,2007,Vermont
49,49,10000 - 14999,917.0,562.0,3.0,13.0,6475.0,816.0,33980.0,2842.0,3537.0,359.0,7727.0,23214.0,16460.0,17109.0,289144247.03,2170868.6726,54386.1483,4692293.0,0.9948547105976292,2116482.5243,23214.0,287656516.2,2229911.0,9900764.284500003,145519.24730000002,998273.0,,289088349.54,0.034553689591359384,9755245.037200002,0.023407992784101047,22621.0,2879.0,6766978.0,282321371.54,10128445.0,2007,Vermont
50,50,15000 - 19999,967.0,525.0,8.0,20.0,4497.0,1232.0,34741.0,3036.0,4263.0,376.0,5234.0,22369.0,14666.0,17853.0,390746830.15,4463148.319899994,84632.7372,4703681.0,0.9847253987762132,4378515.582699995,22369.0,384778328.14,4599421.0,13118705.419000002,200039.7486,169655.0,,380652643.0,0.03464498259887318,12918665.6704,0.020400709525613358,21339.0,2703.0,7765584.0,372887059.0,13389981.0,2007,Vermont
51,51,20000 - 24999,870.0,444.0,6.0,20.0,4536.0,1321.0,34561.0,3169.0,4426.0,472.0,2124.0,21607.0,13514.0,18463.0,485890388.54,7313346.537400003,99957.4001,3511945.0,0.9830066879387958,7213389.1373,21607.0,477633501.54,7503333.0,15184045.102400018,248553.91670000003,5045.0,,438421086.0,0.0347420883839297,14935491.185700014,0.019444555182731336,19169.0,2672.0,8524903.0,429896183.0,15460817.0,2007,Vermont
52,52,25000 - 29999,705.0,433.0,7.0,35.0,4238.0,1439.0,32948.0,2791.0,4527.0,474.0,931.0,20187.0,12353.0,17863.0,554649420.03,9944437.083099997,129109.6167,2124994.0,0.9853016000457387,9815327.4664,20187.0,546496961.02,10152868.0,16045345.33009998,293642.4597,0.0,,462167689.0,0.034721939460931724,15751702.870399982,0.01842394482059952,16518.0,2692.0,8514952.0,453652737.0,16355002.0,2007,Vermont
53,53,30000 - 34999,606.0,459.0,7.0,21.0,3192.0,1343.0,30415.0,2296.0,4806.0,411.0,543.0,17694.0,10153.0,15896.0,573393929.01,11221134.544000003,166313.10290000006,896802.0,0.984540905385405,11054821.441100003,17694.0,564529778.01,11454278.0,16970953.6818,322294.92619999987,0.0,,480165953.0,0.03536238451018412,16648658.755599994,0.0195028238497368,14508.0,2667.0,9364592.0,470801361.0,17232985.0,2007,Vermont
54,54,35000 - 39999,502.0,435.0,15.0,21.0,1359.0,1468.0,28109.0,1884.0,5087.0,362.0,286.0,15464.0,8095.0,13965.0,579031176.8399999,12039300.056299996,183720.3166,195556.0,0.985701519484351,11855579.739699995,15464.0,570751910.8399999,12252328.0,17470335.523199998,373877.8273,0.0,,474100119.0,0.03679468540544688,17096457.695899993,0.01994380642625403,12405.0,2498.0,9455361.0,464644758.0,17762175.0,2007,Vermont
55,55,40000 - 44999,458.0,461.0,15.0,22.0,0.0,1381.0,25448.0,1359.0,5293.0,257.0,231.0,13208.0,6262.0,11963.0,560306522.0,12274181.463800006,230601.5624,0.0,0.9861988542050204,12043579.901400002,13208.0,552573650.0,12506266.0,17962803.340900004,423333.7032,0.0,,476246571.49,0.03760784081081081,17539469.637700006,0.020721555998030352,10985.0,2512.0,9868570.0,466378001.49,18243176.0,2007,Vermont
56,56,45000 - 49999,367.0,390.0,27.0,16.0,0.0,1455.0,24132.0,1120.0,5530.0,189.0,166.0,11707.0,4825.0,10601.0,555639655.02,12905018.236700006,223412.2442,0.0,0.9877684683794656,12681605.992500005,11707.0,548843331.01,13118410.0,17713024.964300007,374970.7509,0.0,,465383350.0,0.038014803808936376,17338054.213400006,0.01997588654600557,9615.0,2414.0,9296445.0,456086905.0,17999767.0,2007,Vermont
57,57,50000 - 59999,570.0,847.0,55.0,27.0,0.0,2792.0,45711.0,1515.0,12064.0,260.0,267.0,20286.0,6365.0,18460.0,1112260294.03,27157930.98340004,567845.1124,0.0,0.9881479271796748,26590085.87100004,20286.0,1099077704.03,27621429.0,34176046.695700005,861140.7058000001,0.0,,872033914.0,0.03904628489103791,33314905.9899,0.021579602235515808,15575.0,4320.0,18818145.0,853215769.0,34723915.0,2007,Vermont
58,58,60000 - 74999,631.0,1241.0,81.0,35.0,0.0,4156.0,60724.0,1104.0,18045.0,224.0,222.0,24579.0,5090.0,22433.0,1650923422.0,42455147.5623,993785.6204,0.0,0.9935495693754838,41461361.94189999,24579.0,1640274255.0,43118129.0,49779110.3034,1388099.2944,0.0,,1140957567.38,0.043361360575298685,48391011.008999996,0.021879634014194443,16693.0,5348.0,24963734.0,1115993833.38,50580523.0,2007,Vermont
59,59,75000 - 99999,669.0,1709.0,144.0,21.0,0.0,5517.0,72426.0,714.0,22735.0,173.0,226.0,27103.0,3316.0,24873.0,2335931657.3900003,68822199.69400005,1746921.4958,0.0,0.996560828316794,67075278.19820006,27103.0,2327897987.38,69866483.0,58984697.04719997,1945625.5984,0.0,,1210591483.0,0.04861578286967864,57039071.44879997,0.030835385449345668,13700.0,5520.0,37329055.0,1173262428.0,60057221.0,2007,Vermont
60,60,100000 - 124999,435.0,1199.0,89.0,7.0,0.0,3530.0,37240.0,285.0,11661.0,66.0,104.0,13440.0,1332.0,12146.0,1488378511.0,51705718.31209995,1538159.928,0.0,0.9873087901629884,50167558.38409997,13440.0,1469489187.0,52616650.0,36894505.33120001,1428861.4955,0.0,,698247437.48,0.05296994001925874,35465643.83570001,0.04110949852332568,6025.0,3053.0,28704602.0,669542835.48,37699945.99,2007,Vermont
61,61,125000 - 149999,232.0,802.0,39.0,2.0,0.0,2241.0,17913.0,142.0,5571.0,44.0,52.0,6494.0,696.0,5714.0,884795409.1700002,34134828.08129999,1389847.4922999998,0.0,0.982073863815728,32744980.58899999,6494.0,868934446.1700001,34911881.989999995,25512662.4591,1115127.9572,0.0,,456518414.0,0.05617086481303235,24397534.501899995,0.04857068043699985,3191.0,1824.0,22173410.0,434345004.0,26183955.0,2007,Vermont
62,62,150000 - 199999,230.0,897.0,26.0,1.0,0.0,2695.0,16846.0,143.0,5208.0,40.0,49.0,6083.0,665.0,5142.0,1041693780.0,44257547.59920001,1891206.2628,0.0,0.9804677282415952,42366341.3364,6083.0,1021347134.0,45288337.0,34239868.153000005,1629252.4088,0.0,,575165460.73,0.060535607232319585,32610615.7442,0.06339753251824233,3150.0,1999.0,36464071.0,538701389.73,35184636.0,2007,Vermont
63,63,200000 - 299999,187.0,748.0,16.0,0.0,0.0,2259.0,11270.0,90.0,3478.0,21.0,23.0,4095.0,490.0,3302.0,981585238.73,47790389.5156,2105410.6864,0.0,0.9745882079153178,45684978.82920001,4095.0,956641398.73,49072243.0,38687828.76770001,2114044.7936,0.0,,596398143.0,0.06625156822241195,36573783.97410002,0.0743699398138468,2288.0,1628.0,44354094.0,552044049.0,39752036.0,2007,Vermont
64,64,300000 - 499999,97.0,491.0,4.0,0.0,0.0,1407.0,5993.0,37.0,1838.0,20.0,20.0,2163.0,264.0,1626.0,815770996.0,46146591.96210001,2801537.564,0.0,0.975025119672188,43345054.39810001,2163.0,795397213.0,47356358.0,40550455.7192,2540530.048,0.0,,583055507.0,0.07186018283629465,38009925.67119999,0.09280885841971816,1402.0,1109.0,54112716.0,528942791.0,41828290.0,2007,Vermont
65,65,500000 - 999999,52.0,297.0,1.0,2.0,0.0,796.0,2777.0,24.0,857.0,17.0,18.0,1040.0,139.0,729.0,700369169.0,42357853.2701,3158485.0,0.0,0.968981584339273,39199368.27010001,1040.0,678644827.0,43871104.0,36890026.0621,3404028.0,0.0,,511317778.0,0.07524311308774506,33485998.0621,0.12962662135326733,661.0,570.0,66280396.0,445037382.0,38243793.0,2007,Vermont
66,66,State Total,9681.0,12679.0,556.0,292.0,38478.0,37529.0,571266.0,26179.0,125738.0,4431.0,67167.0,312459.0,155263.0,257345.0,16716271159.55,572979334.7123001,29329006.0154,20151743.0,0.9910659366287752,543650328.6969001,312459.0,16566926933.68,588325377.99,572979334.7123,29329006.015400004,20151743.0,,11571116229.84,0.04980538253286793,543650328.6969,0.056660284883255876,312459.0,56173.0,655622742.0,10915493487.84,588325377.99,2007,Vermont
67,67,Out of State,39792.0,491.0,16.0,29.0,465.0,6593.0,94035.0,2872.0,21690.0,1606.0,11589.0,49572.0,23359.0,35391.0,29214612431.11,45503652.62489998,818511.9154,143858.0,0.4371524398598624,44685140.70949999,49572.0,12771239103.82,2035305122.0,45503652.62489999,818511.9154,143858.0,,26363922382.55,0.0019883234884062787,44685140.70949999,0.14755559914615912,49572.0,13246.0,3890144363.0,22473778019.55,2035305122.0,2007,Vermont
68,68,All Returns,49473.0,13170.0,572.0,321.0,38943.0,44122.0,665301.0,29051.0,147428.0,6037.0,78756.0,362031.0,178622.0,292736.0,45930883590.66,618482987.3372,30147517.9308,20295601.0,0.6387459535715505,588335469.4064001,362031.0,29338166037.5,2623630499.99,618482987.3371999,30147517.9308,20295601.0,,37935038612.39,0.017620494333821703,588335469.4064,0.11983030125387305,362031.0,69419.0,4545767105.0,33389271507.39,2623630499.99,2007,Vermont
69,69,None/Missing,3.0,0.0,,,38.0,27.0,198.0,5.0,40.0,6.0,185.0,194.0,143.0,137.0,0.0,1439.0,0.0,1698.0,,1439.0,194.0,0.0,1671.0,110856.5276,552.0,12936836.0,,3564420.0,,110304.5276,1.0,66456.0,509.0,3564420.0,0.0,116475.0,2008,Vermont
70,70,0.01 - 4999,339.0,38.0,,,5580.0,539.0,21569.0,1174.0,2389.0,243.0,26536.0,28573.0,24767.0,17466.0,73960734.56,111023.9044,421.2744,852731.0,0.9949406532773624,110602.63000000002,28573.0,73586541.56,111792.0,2510375.7490999983,43943.8675,4217948.0,,71873151.0,0.03505131662435282,2466431.8815999967,0.02096525585750373,31216.0,4727.0,1506839.0,70366312.0,2556406.0,2008,Vermont
71,71,5000 - 9999,670.0,445.0,,,7943.0,791.0,27203.0,1940.0,2883.0,324.0,18126.0,26665.0,21518.0,18770.0,197254560.07,561794.6187000002,17060.600700000006,3100973.0,0.9891546639061686,544734.0179999999,26665.0,195115268.07,567873.0,6182016.0003,111088.7137,2663183.0,,178486921.61999995,0.034409633573061725,6070927.2866,0.011518412561212731,23736.0,2696.0,2055886.0,176431035.61999995,6328955.0,2008,Vermont
72,72,10000 - 14999,842.0,599.0,,,6900.0,1068.0,34027.0,2738.0,3686.0,368.0,8163.0,23056.0,16264.0,16988.0,287369186.62,2024454.3835,55704.2358,4812695.0,0.9834323085714276,1968750.1477,23056.0,282608142.61,2075596.0,9656330.963299997,156670.53950000007,1115465.0,,277663523.37,0.034418152616882074,9499660.4238,0.005964957081499561,22129.0,2523.0,1656251.0,276007272.37,9907502.0,2008,Vermont
73,73,15000 - 19999,891.0,498.0,,,4454.0,1380.0,33789.0,2876.0,4348.0,422.0,5573.0,21647.0,14001.0,17247.0,378681506.15,4116602.8503,79350.93849999999,4720214.0,0.9819218158562824,4037251.9118,21647.0,371835632.15,4239483.0,12803180.933099987,205105.01720000003,212994.0,,366583603.0,0.034592693318397816,12598075.915899985,0.006548181589016679,20855.0,2364.0,2400456.0,364183147.0,13085843.0,2008,Vermont
74,74,20000 - 24999,864.0,450.0,,,4463.0,1477.0,33637.0,3063.0,4316.0,425.0,2278.0,21127.0,13323.0,18087.0,474994870.55,6943805.91140001,95786.8627,3712215.0,0.9811570259913832,6848019.04870001,21127.0,466044554.55,7134519.0,15001784.590599993,258558.4874,14044.0,,426623346.62,0.034776806200401585,14743226.103199994,0.006293312406063559,18887.0,2299.0,2684874.0,423938472.62,15269541.0,2008,Vermont
75,75,25000 - 29999,706.0,463.0,,,4292.0,1554.0,32588.0,2806.0,4445.0,460.0,1017.0,19914.0,12203.0,17645.0,546617221.1,9571666.762800006,142968.75549999994,2462693.0,0.9838592626440764,9428698.007300006,19914.0,537794416.1,9785652.0,15879466.009200012,276796.4336,1842.0,,450366397.0,0.03484816628697303,15602669.575600013,0.0058475166387691214,16319.0,2235.0,2633525.0,447732872.0,16130646.0,2008,Vermont
76,76,30000 - 34999,627.0,426.0,,,3357.0,1534.0,30147.0,2330.0,4731.0,434.0,545.0,17811.0,10316.0,16068.0,577774800.01,11196581.269999996,156107.65099999998,1129274.0,0.9842053409047228,11040473.61899999,17811.0,568649044.01,11421574.0,16689351.419700008,348534.5942,2903.0,,469599530.0,0.03502004062130221,16340816.825499998,0.006359092821068198,14382.0,2192.0,2986227.0,466613303.0,16979579.0,2008,Vermont
77,77,35000 - 39999,499.0,435.0,,,1713.0,1532.0,27587.0,1861.0,4945.0,362.0,335.0,15362.0,8194.0,13931.0,575042810.8,11804126.331800004,180778.9955,346256.0,0.9847776307509659,11623347.3363,15362.0,566289296.8,12028803.0,17205913.9255,400438.3814,335.0,,462730679.0,0.036556285688940204,16805475.5441,0.0065169787456431,12275.0,2005.0,3015606.0,459715073.0,17507870.0,2008,Vermont
78,78,40000 - 44999,450.0,461.0,,,309.0,1571.0,24987.0,1391.0,5161.0,303.0,265.0,13235.0,6380.0,11939.0,561350152.01,12096651.219799995,239595.2799,16970.0,0.9851484354637684,11857055.939899998,13235.0,553013224.0,12310951.0,17922422.171699993,381610.3437,1398.0,,468926467.0,0.0376319245031263,17540811.827999994,0.005995123324954059,10981.0,2051.0,2811272.0,466115195.0,18190273.0,2008,Vermont
79,79,45000 - 49999,377.0,422.0,,,0.0,1477.0,23462.0,1146.0,5285.0,248.0,191.0,11650.0,4971.0,10582.0,552785589.9100001,12695880.786600014,228749.8658,0.0,0.9861325618107232,12467130.920800012,11650.0,545119869.9100001,12921407.0,17653859.248300005,442244.84930000006,978.0,,456364714.0,0.0379492449425964,17211614.399,0.006183024045106168,9563.0,1909.0,2821714.0,453543000.0,17954385.0,2008,Vermont
80,80,50000 - 59999,549.0,863.0,,,0.0,3141.0,44944.0,1605.0,11725.0,319.0,280.0,20581.0,6932.0,18730.0,1129024414.94,27575893.66940001,590566.9538,0.0,0.987292927584066,26985326.71560001,20581.0,1114677819.94,28007999.0,34111498.759500004,905392.1683,0.0,,864912841.0,0.03860165581158327,33206106.5912,0.005420098740330761,15684.0,3427.0,4687913.0,860224928.0,34658895.0,2008,Vermont
81,81,60000 - 74999,727.0,1242.0,,,0.0,4113.0,59093.0,1152.0,17624.0,255.0,263.0,24217.0,5186.0,22293.0,1626700601.03,41563585.95410003,980243.9735,0.0,0.9853314906351596,40583341.98060002,24217.0,1602839328.03,42296517.0,49118365.0054,1394486.0612,1757.0,,1121946663.0,0.042812400077973926,47723878.94419997,0.006440342699250044,16658.0,4075.0,7225721.0,1114720942.0,49968972.0,2008,Vermont
82,82,75000 - 99999,773.0,1834.0,,,0.0,5386.0,73819.0,779.0,23386.0,192.0,227.0,27831.0,3474.0,25808.0,2400194670.04,69524466.78259993,1884667.7326,0.0,0.986235335653233,67639799.04999994,27831.0,2367156796.04,70640686.0,59945753.80890001,1950308.7985,0.0,,1219892584.0,0.047918090541298725,57995445.01040001,0.007860386337097366,14122.0,4278.0,9588827.0,1210303757.0,61147386.0,2008,Vermont
83,83,100000 - 124999,433.0,1233.0,,,0.0,3337.0,38511.0,281.0,12301.0,73.0,109.0,13877.0,1222.0,12765.0,1536949824.02,53263182.13640001,1641899.0439999998,0.0,0.9845007370457332,51621283.09240001,13877.0,1513128234.55,54184236.0,37520939.75399999,1556468.1735,0.0,,701089933.0,0.05206044688191954,35964471.58049999,0.014646506128051906,6225.0,2383.0,10268518.0,690821415.0,38500279.0,2008,Vermont
84,84,125000 - 149999,289.0,783.0,,,0.0,1972.0,18769.0,158.0,5905.0,33.0,52.0,6663.0,567.0,6032.0,908403851.0,35070656.8301,1331793.7809,0.0,0.9779104007783428,33738863.04920001,6663.0,888337574.0,35960003.0,25292664.971800003,1153753.5995,0.0,,441918336.0,0.055308142758898886,24138911.37230001,0.012387487809512387,3208.0,1426.0,5474258.0,436444078.0,25980478.0,2008,Vermont
85,85,150000 - 199999,331.0,928.0,,,0.0,2310.0,17313.0,118.0,5395.0,46.0,50.0,6127.0,568.0,5360.0,1048379202.03,44515181.7218,2026092.4556,0.0,0.9728028742416964,42489089.26620001,6127.0,1019866301.03,45838808.0,32965562.13460001,1665538.7745,0.0,,537529808.0,0.05949064897046095,31300023.360100016,0.021201257735645424,3072.0,1587.0,11396308.0,526133500.0,34037058.0,2008,Vermont
86,86,200000 - 299999,199.0,756.0,,,0.0,1914.0,10864.0,75.0,3359.0,35.0,44.0,3861.0,392.0,3260.0,926769873.01,45586820.25340001,2402681.8856,0.0,0.9730350060702392,43184138.3678,3861.0,901779529.01,46980869.0,35984110.18890001,2287186.6398,0.0,,533846939.0,0.06500175570744278,33696923.549100004,0.028934759893790456,2160.0,1239.0,15446733.0,518400206.0,37061671.0,2008,Vermont
87,87,300000 - 499999,98.0,455.0,,,0.0,1079.0,5237.0,30.0,1565.0,23.0,20.0,1811.0,193.0,1435.0,678854945.0,38373217.21710001,2789901.1569999997,0.0,0.9716439334473728,35583316.060100004,1811.0,659605289.0,39644074.0,32160665.8258,2691136.2610000004,0.0,,437553377.0,0.06958865481190643,29469529.5648,0.032159655803547835,1124.0,766.0,14071566.0,423481811.0,33306768.0,2008,Vermont
88,88,500000 - 999999,39.0,235.0,,,0.0,559.0,2263.0,16.0,675.0,9.0,17.0,795.0,95.0,592.0,529161175.01,33703822.4076,2837655.2610000004,0.0,0.974488957925258,30866167.1466,795.0,515661722.01,34728641.0,28672841.4163,2358002.1016,0.0,,364570479.0,0.07608408055724664,26314839.314700004,0.0513075881824211,515.0,389.0,18705232.0,345865247.0,29671092.0,2008,Vermont
89,89,State Total,9794.0,12751.0,,,39504.0,37409.0,567362.0,25713.0,125932.0,4687.0,68538.0,309859.0,153527.0,256537.0,16080851579.850002,538519208.1309,30992642.8054,21169683.0,0.9930536935854836,507526565.3255,309859.0,15969149057.37,550774601.0,538519208.1309001,30992642.8054,21169683.0,,10757003148.61,0.04827175109738969,507526565.3255001,0.02259528417367875,309859.0,45337.0,243057543.0,10513945605.61,550774601.0,2008,Vermont
90,90,Out of State,39475.0,401.0,,,626.0,5834.0,92418.0,2820.0,21048.0,1664.0,13140.0,50046.0,24514.0,36037.0,20024994977.67,42506796.84270001,1050199.4262,218083.0,0.6388578822069967,41456597.41650001,50046.0,12793125882.64,1375509163.0,42506796.84270002,1050199.4262,218083.0,,16661080844.03,0.0026770777365551744,41456597.41650002,0.07054257721948089,50046.0,10946.0,1175315582.0,15485765262.03,1375509163.0,2008,Vermont
91,91,All Returns,49269.0,13152.0,,,40130.0,43243.0,659780.0,28533.0,146980.0,6351.0,81678.0,359905.0,178041.0,292574.0,36105846557.52,581026004.9736,32042842.2316,21387766.0,0.7966099034456648,548983162.742,359905.0,28762274940.01,1926283764.0,581026004.9736001,32042842.2316,21387766.0,,27418083992.64,0.021114971837063026,548983162.7420001,0.051731299874226894,359905.0,56283.0,1418373125.0,25999710867.64,1926283764.0,2008,Vermont
92,92,None/Missing,2.0,0.0,,,25.0,24.0,165.0,6.0,29.0,5.0,170.0,180.0,140.0,136.0,0.0,955.0,0.0,621.0,,955.0,180.0,0.0,955.0,116975.85980000002,163.0,15358229.01,,2496093.0,,116812.85980000002,1.0,71218.0,581.0,2496093.0,0.0,123231.0,2009,Vermont
93,93,0.01 - 4999,364.0,37.0,,,5545.0,546.0,22634.0,1269.0,2682.0,280.0,25787.0,27230.0,22999.0,15558.0,69825789.28999999,87168.0988,1248.0,842637.01,0.9945760298043028,85920.0988,27230.0,69447056.28999999,87970.0,2451383.3282000013,47928.7864,4856117.0,,70620170.01,0.03443644922811015,2403454.5418000016,0.011700014314366559,30113.0,3076.0,826257.0,69793913.01,2500853.0,2009,Vermont
94,94,5000 - 9999,688.0,386.0,,,8428.0,790.0,28528.0,2006.0,3152.0,359.0,20209.0,26800.0,21283.0,18427.0,199388161.38,444535.3144,16818.3056,3245851.0,0.9893453604000528,427717.00880000007,26800.0,197263752.38,451170.0,6059425.817999995,115096.8993,2978868.0,,175858704.29000002,0.03386800209864176,5944328.9186999975,0.001956695867794853,23523.0,2080.0,344102.0,175514602.29000002,6201938.0,2009,Vermont
95,95,10000 - 14999,848.0,582.0,,,7703.0,1125.0,34886.0,2739.0,3939.0,388.0,8876.0,23558.0,16492.0,17247.0,293818156.65,1766405.5382999987,48142.6632,5015250.0,0.983103140879364,1718262.8750999991,23558.0,288853552.65,1814361.0,9355308.475700004,160597.65540000002,1474965.0,,270981140.0,0.03401186236535171,9194710.820300004,0.002372076521635417,21697.0,1981.0,642788.0,270338352.0,9576265.0,2009,Vermont
96,96,15000 - 19999,824.0,493.0,,,5058.0,1447.0,35491.0,3149.0,4618.0,402.0,6536.0,22468.0,14299.0,17989.0,392734843.0,3933521.014300002,77515.6735,5312985.0,0.9831241049320394,3856005.3408000018,22468.0,386107091.0,4049466.0,12144490.2702,198984.4539,336243.0,,349378576.01,0.03423108585406815,11945505.8163,0.0011791535837853105,19994.0,1943.0,411971.0,348966605.01,12370570.0,2009,Vermont
97,97,20000 - 24999,758.0,458.0,,,4556.0,1524.0,34103.0,3012.0,4498.0,459.0,2862.0,21043.0,13074.0,18023.0,472882451.0,6413457.01889999,102574.3628,4475814.0,0.9831837024546296,6310882.656099991,21043.0,464930319.0,6590094.0,13712842.407800008,259982.51030000005,14766.0,,392981580.01,0.034269233120645816,13452859.897500008,0.0010631388880602717,17490.0,1829.0,417794.0,392563786.01,13943685.0,2009,Vermont
98,98,25000 - 29999,568.0,472.0,,,4303.0,1568.0,32422.0,2671.0,4696.0,422.0,1339.0,19466.0,11677.0,17221.0,534574942.52,8782337.069399996,129620.18399999998,3187204.0,0.9869762937873964,8652716.885399995,19466.0,527612795.52,8953084.0,14962748.972399995,263177.1377,4108.0,,427377506.0,0.03436842832328562,14699571.834699996,-0.0007678668048570624,15576.0,1839.0,-328169.0,427705675.0,15185699.0,2009,Vermont
99,99,30000 - 34999,504.0,433.0,,,3698.0,1500.0,29744.0,2202.0,4960.0,387.0,612.0,17216.0,9667.0,15452.0,558754493.01,10184208.849800006,154768.1043,1797161.0,0.986994189593264,10029440.74550001,17216.0,551487438.01,10374312.0,15185637.848300004,333848.5239,1114.0,,432881508.0,0.034337348552879995,14851789.324400006,0.0008217098522951921,13331.0,1796.0,355703.0,432525805.0,15418716.0,2009,Vermont
100,100,35000 - 39999,407.0,432.0,,,2312.0,1501.0,27092.0,1832.0,4958.0,381.0,368.0,15026.0,7855.0,13519.0,562626115.03,11068109.0092,179630.8675,823763.0,0.987803746010556,10888478.1417,15026.0,555764184.03,11251894.0,16211172.192099998,330986.3345,421.0,,445898540.0,0.035616898220745916,15880185.857599998,8.418955576755196e-05,11910.0,1848.0,37540.0,445861000.0,16452585.0,2009,Vermont
101,101,40000 - 44999,368.0,419.0,,,1242.0,1451.0,24574.0,1448.0,5087.0,253.0,267.0,12853.0,6065.0,11558.0,545179771.01,11177515.472500013,198882.90380000003,284271.0,0.9874889873713328,10978632.568700014,12853.0,538359020.01,11360286.0,16561369.355999995,354658.3906,0.0,,441120079.79,0.0367308211391211,16206710.965399995,-0.0002473793304806021,10389.0,1774.0,-109123.99,441229203.78,16793951.0,2009,Vermont
102,102,45000 - 49999,302.0,415.0,,,224.0,1394.0,22912.0,1119.0,5219.0,245.0,201.0,11285.0,4702.0,10275.0,535560169.01,11671354.265000004,212785.0197,21333.0,0.9880614702511968,11458569.245300008,11285.0,529166368.0,11859681.0,16326127.438700002,387783.5528,0.0,,428752855.0,0.03714594816845283,15938343.885900002,-0.000747974028067988,9044.0,1717.0,-320696.0,429073551.0,16552525.0,2009,Vermont
103,103,50000 - 59999,496.0,847.0,,,0.0,2838.0,43247.0,1515.0,11368.0,303.0,311.0,19915.0,6729.0,18163.0,1092334891.29,25654488.56429999,529903.6273,0.0,0.987413719812828,25124584.93699999,19915.0,1078586458.29,26065650.0,31470517.283199985,805418.2231,0.0,,817823275.0,0.03745647988241743,30665099.060099985,-0.0010550139943131358,14943.0,3243.0,-862815.0,818686090.0,31929163.0,2009,Vermont
104,104,60000 - 74999,558.0,1225.0,,,0.0,3711.0,57549.0,1217.0,17064.0,247.0,254.0,23743.0,5215.0,21943.0,1595458164.0,39743424.13949999,964770.0856,0.0,0.988763778076728,38778654.0539,23743.0,1577531242.0,40319634.0,44434214.48890001,1342702.1664000002,0.0,,1048770267.81,0.040984022499017336,43091512.32250002,-0.002528639570930744,15720.0,4379.0,-2651962.0,1051422229.81,45072615.0,2009,Vermont
105,105,75000 - 99999,610.0,1775.0,,,0.0,4783.0,70204.0,805.0,22267.0,224.0,220.0,26601.0,3305.0,24618.0,2293368051.63,63888959.29739999,1799234.2529000004,0.0,0.9887682764300776,62089725.04449999,26601.0,2267609575.63,64783515.0,55930014.89130002,1931701.0555,0.0,,1163950383.15,0.0461036547016372,53998313.83580002,-0.006260388849462615,13665.0,6461.0,-7286782.0,1171237165.15,56867400.0,2009,Vermont
106,106,100000 - 124999,373.0,1315.0,,,0.0,2985.0,38120.0,285.0,12148.0,87.0,118.0,13691.0,1171.0,12711.0,1518913207.0,51224818.82230002,1655688.2464000003,0.0,0.9867977828439541,49569130.57590002,13691.0,1498860185.0,52076890.0,35366785.93409999,1381144.8601000002,0.0,,662793457.0,0.050512749392223125,33985641.073999986,-0.015117339940789428,6059.0,4880.0,-10019674.0,672813131.0,36104564.0,2009,Vermont
107,107,125000 - 149999,211.0,806.0,,,0.0,1762.0,18695.0,134.0,5904.0,40.0,55.0,6605.0,527.0,6006.0,900065728.16,34512693.400099985,1330271.2533000002,0.0,0.9832888371044316,33182422.1468,6605.0,885024583.16,35201254.0,24245837.5114,1163735.5362999998,0.0,,423365802.0,0.05312940988699192,23082101.9751,-0.02618246390623681,3189.0,2858.0,-11084759.83,434450561.83,24810238.0,2009,Vermont
108,108,150000 - 199999,204.0,917.0,,,0.0,2063.0,16982.0,107.0,5300.0,36.0,46.0,5939.0,496.0,5315.0,1013730927.0,43858084.97509998,2091528.8693,0.0,0.9823368395665016,41766556.1058,5939.0,995825235.0,44760948.0,31425809.8698,1778799.4647,0.0,,498067250.01,0.057160563371415875,29647010.40510001,-0.041349275624097966,3029.0,2860.0,-20594720.0,518661970.01,32252980.0,2009,Vermont
109,109,200000 - 299999,163.0,778.0,,,0.0,1625.0,10145.0,79.0,3121.0,40.0,37.0,3544.0,304.0,3024.0,846093530.11,43672611.962099984,2624587.8251000005,0.0,0.9759908351889194,41048024.137,3544.0,825779531.1,44953543.0,32232688.583,2154339.0113,0.0,,461326205.0,0.06233599482023292,30078349.57170001,-0.04594050754172961,2020.0,1948.0,-21193560.0,482519765.0,33283357.0,2009,Vermont
110,110,300000 - 499999,93.0,422.0,,,0.0,884.0,4742.0,27.0,1397.0,13.0,25.0,1582.0,145.0,1282.0,597044646.01,36669497.09529999,2802563.3179,0.0,0.9735060282246714,33866933.7774,1582.0,581226562.01,38007489.0,32643120.218000002,2462472.0,0.0,,414132603.0,0.06850416203100773,30180648.218000002,-0.06382987673153567,1179.0,1162.0,-26434033.0,440566636.0,33686549.0,2009,Vermont
111,111,500000 - 999999,28.0,223.0,,,0.0,460.0,1906.0,13.0,566.0,7.0,10.0,676.0,90.0,516.0,449821911.01,31563865.6155,2838163.0,0.0,0.9732464588641784,28725702.61550001,676.0,437787582.01,32623871.0,28059322.1525,2537290.0,0.0,,322886533.0,0.07360495442018508,25522032.1525,-0.07388622491728387,518.0,516.0,-23856867.0,346743400.0,29188538.0,2009,Vermont
112,112,State Total,8475.0,12558.0,,,43597.0,34564.0,561905.0,25787.0,124816.0,4705.0,73282.0,304860.0,149552.0,250299.0,15061527050.110003,495452804.5233999,23789610.5622,25024831.01,0.9987603920274564,471663193.96120006,304860.0,15042856661.100002,508154060.0,495452804.5234,23789610.5622,25024831.01,,9921658330.08,0.04701162674087719,471663193.9612,-0.011212526890059013,304860.0,49022.0,-111246860.82,10032905190.9,508154060.0,2009,Vermont
113,113,Out of State,37625.0,335.0,,,735.0,4921.0,90247.0,2790.0,20758.0,1512.0,13451.0,47998.0,22938.0,34559.0,17116414762.29,36170461.34180001,308698.9746,281762.0,0.7678314192750764,35861762.36720002,47998.0,13142521039.83,1359080834.0,36170461.34180001,308698.9746,281762.0,,14956901362.98,0.0023208966250056213,35861762.3672,-0.0330805898890691,47998.0,11952.0,-494783120.0,15451684482.98,1359080834.0,2009,Vermont
114,114,All Returns,46100.0,12893.0,,,44332.0,39485.0,652152.0,28577.0,145574.0,6217.0,86733.0,352858.0,172490.0,284858.0,32177941812.4,531623265.8651999,24098309.5368,25306593.01,0.8759223279491594,507524956.3284001,352858.0,28185377700.93,1867234894.0,531623265.8652,24098309.5368,25306593.01,,24878559693.06,0.019914974611052072,507524956.3284,-0.024359528376920275,352858.0,60974.0,-606029980.8199999,25484589673.88,1867234894.0,2009,Vermont
115,115,None/Missing,1.0,0.0,,,15.0,7.0,123.0,10.0,23.0,6.0,134.0,140.0,101.0,117.0,0.0,747.0,0.0,325.0,,747.0,140.0,0.0,747.0,721045.9528,2692.0,15207400.0,,1774298.78,,718353.9528,1.0,69250.0,707.0,1774298.78,0.0,728899.0,2010,Vermont
116,116,0.01 - 4999,418.0,25.0,,,5246.0,449.0,21411.0,1107.0,2453.0,277.0,24868.0,26145.0,22308.0,14953.0,67786494.97999999,64246.9849,445.0,747864.0,0.9938609748133048,63801.9849,26145.0,67370351.97999999,65002.0,2406700.2384999986,46532.94360000001,4771574.0,,70848590.00999999,0.034331625677465984,2360167.2948999973,0.02967502952004056,29442.0,2807.0,2102434.0,68746156.00999999,2463211.0,2010,Vermont
117,117,5000 - 9999,873.0,386.0,,,8480.0,586.0,28120.0,2027.0,2986.0,317.0,19972.0,26686.0,21356.0,18618.0,198775242.21,430836.00299999997,15088.1061,3120068.0,0.9863188243678408,415747.89690000005,26686.0,196055763.21,436900.0,6118006.396399997,119315.82700000002,3173287.0,,178789314.01,0.033807386117938105,5998690.5693999985,0.007562174548778558,23826.0,2047.0,1352036.0,177437278.01,6276088.0,2010,Vermont
118,118,10000 - 14999,1011.0,633.0,,,8024.0,934.0,35372.0,2897.0,3859.0,394.0,8925.0,23840.0,16690.0,17639.0,297687260.64,1823925.6213,56171.92240000001,5122783.0,0.9812246886615712,1767753.6988999997,23840.0,292098089.64,1876995.0,9256642.286299994,166427.9011,1578652.0,,269348728.55,0.033924985685752376,9090214.385199994,0.0051914186026700655,21500.0,1962.0,1398302.0,267950426.55,9483443.0,2010,Vermont
119,119,15000 - 19999,956.0,510.0,,,5062.0,1180.0,35277.0,3233.0,4295.0,407.0,6136.0,22536.0,14601.0,18257.0,393212464.01,4016223.152800001,80474.50970000001,5361489.0,0.9814961740383312,3935748.643100002,22536.0,385936529.01,4138312.0,12061957.344199985,209297.49,385285.0,,348435972.0,0.034156465197813665,11852659.854199985,0.004090404305328154,19858.0,1957.0,1425244.0,347010728.0,12306518.0,2010,Vermont
120,120,20000 - 24999,852.0,493.0,,,4627.0,1240.0,34314.0,3088.0,4500.0,439.0,2651.0,20991.0,12964.0,18013.0,471738536.8,6485120.877300003,110175.63009999998,4605897.0,0.981987333369793,6374945.247200003,20991.0,463241267.8,6664425.0,13935540.8649,251277.0744,16169.0,,400962848.28,0.03422006757547449,13684263.790500006,0.002675609485023484,17822.0,1899.0,1072820.0,399890028.28,14189491.0,2010,Vermont
121,121,25000 - 29999,649.0,500.0,,,4376.0,1336.0,32457.0,2808.0,4517.0,434.0,1196.0,19589.0,11830.0,17354.0,538282432.29,9155211.519300004,146673.94199999998,3187117.0,0.985352715364576,9008537.577300005,19589.0,530398056.29,9335634.0,14877370.187300006,298150.74220000004,3291.0,,426339473.0,0.03426800137923633,14579219.445100002,0.002093266179929814,15520.0,1778.0,892442.0,425447031.0,15112826.0,2010,Vermont
122,122,30000 - 34999,584.0,511.0,,,3820.0,1384.0,30082.0,2390.0,4829.0,422.0,570.0,17518.0,9877.0,15729.0,568396113.01,10599720.000199992,184202.6014,1815913.0,0.9859619852821556,10415517.398799993,17518.0,560416960.01,10800049.0,15615418.1728,307412.91030000005,1522.0,,446175773.0,0.03437397072358154,15308005.2625,0.001879638139832393,13721.0,1772.0,838649.0,445337124.0,15879891.0,2010,Vermont
123,123,35000 - 39999,462.0,442.0,,,2371.0,1322.0,26876.0,1863.0,4792.0,362.0,341.0,14979.0,7962.0,13586.0,560336719.02,11240857.108900003,184697.6691,862711.0,0.9863815760399459,11056159.439800004,14979.0,552705816.02,11428096.0,16233636.2596,355341.5996,237.0,,447580331.0,0.035491508789512,15878294.66,0.00044107389517972364,11952.0,1771.0,197416.0,447382915.0,16487960.0,2010,Vermont
124,124,40000 - 44999,452.0,480.0,,,1183.0,1322.0,24511.0,1425.0,5006.0,292.0,259.0,13215.0,6492.0,12023.0,560566186.0,11828232.193899995,220544.906,274740.0,0.9855229797967158,11607687.287899995,13215.0,552450858.0,12044947.0,16946883.9694,349283.24499999994,337.0,,454836890.0,0.03652401621071568,16597600.724399993,0.0008950637227336596,10707.0,1691.0,407108.0,454429782.0,17236524.0,2010,Vermont
125,125,45000 - 49999,391.0,414.0,,,291.0,1221.0,22500.0,1067.0,5095.0,244.0,171.0,11241.0,4835.0,10266.0,533345176.01,11869837.8431,219582.8668,27698.0,0.9844312344547308,11650254.9763,11241.0,525041650.01,12096125.0,16840318.813799992,409991.8404,0.0,,444930240.41,0.0370208211595083,16430326.973399995,0.002510726173547121,9352.0,1652.0,1117098.0,443813142.41,17095293.0,2010,Vermont
126,126,50000 - 59999,606.0,850.0,,,0.0,2681.0,42858.0,1620.0,11098.0,291.0,290.0,20016.0,7007.0,18267.0,1097333822.0,26140932.54419998,519859.8604,0.0,0.9868565784532976,25621072.68379997,20016.0,1082911101.0,26593485.0,32265762.30859997,857767.1907,0.0,,843832550.0,0.03727483452305321,31407995.117899977,0.0014536770358052676,15382.0,3072.0,1226660.0,842605890.0,32820150.0,2010,Vermont
127,127,60000 - 74999,685.0,1264.0,,,0.0,3532.0,57453.0,1316.0,16957.0,289.0,265.0,24128.0,5566.0,22314.0,1620134881.84,40958616.64409997,976181.2944,0.0,0.9868040665998626,39982435.34969997,24128.0,1598755689.84,41652069.0,46641252.55799998,1340596.4591,0.0,,1114266785.35,0.040667588681212265,45300656.09889998,0.0003064625137262241,16636.0,4044.0,341481.0,1113925304.35,47411560.0,2010,Vermont
128,128,75000 - 99999,776.0,1908.0,,,0.0,4785.0,70518.0,801.0,22486.0,233.0,218.0,27207.0,3687.0,25236.0,2347945109.36,66309621.01119995,1886823.5093,0.0,0.9867711575214524,64422797.50189995,27207.0,2316884513.36,67451674.0,59432437.97570007,2018491.1754,0.0,,1265762986.0,0.045287722628686335,57413946.80030006,-0.001577428809409031,14775.0,6480.0,-1996651.0,1267759637.0,60606557.0,2010,Vermont
129,129,100000 - 124999,463.0,1374.0,,,0.0,3068.0,39084.0,316.0,12543.0,97.0,89.0,14272.0,1316.0,13226.0,1584271323.02,53299115.6701,1709167.9755,0.0,0.9844092797419852,51589947.69460001,14272.0,1559571392.01,54277787.0,37469484.38,1619297.8691,0.0,,724106896.0,0.049015485897889455,35850186.51090001,-0.010079190020585028,6587.0,5283.0,-7298411.0,731405307.0,38477638.0,2010,Vermont
130,130,125000 - 149999,305.0,917.0,,,0.0,1889.0,20120.0,127.0,6393.0,46.0,50.0,7152.0,586.0,6555.0,973333465.0,36801259.3031,1561582.6430000004,0.0,0.9791059357031354,35239676.66010001,7152.0,952996573.0,37687573.0,25666497.745099995,1249945.946,0.0,,464204346.0,0.051595730207273593,24416551.79910001,-0.01943928590448828,3471.0,3140.0,-9023801.0,473228147.0,26478572.0,2010,Vermont
131,131,150000 - 199999,350.0,1030.0,,,0.0,2124.0,17882.0,121.0,5603.0,46.0,71.0,6357.0,587.0,5605.0,1086904565.0,45906362.28879999,2332820.7835,0.0,0.9724278202842952,43573541.50529999,6357.0,1056936237.0,47450613.0,32563769.57120001,2003312.0058,0.0,,541722569.0,0.05458844925886877,30560457.565400004,-0.03343262037879024,3281.0,3113.0,-18111205.0,559833774.0,33755367.0,2010,Vermont
132,132,200000 - 299999,217.0,860.0,,,0.0,1767.0,10969.0,88.0,3390.0,29.0,43.0,3872.0,365.0,3320.0,925274109.01,46049486.8036,2884768.8684,0.0,0.9738243707846598,43164717.93519999,3872.0,901054477.01,47527261.0,37751106.2345,2572044.05,0.0,,554997814.0,0.06015306312966207,35179062.184499994,-0.05374429817123568,2441.0,2384.0,-29827968.0,584825782.0,39049911.0,2010,Vermont
133,133,300000 - 499999,119.0,488.0,,,0.0,1032.0,5484.0,33.0,1641.0,18.0,19.0,1863.0,171.0,1529.0,698555861.0,41362267.54750001,2786835.2746,0.0,0.968534567917683,38575432.2729,1863.0,676575499.0,42902515.0,34678928.147099994,2326693.3278,0.0,,451708348.0,0.06687260093531126,32352234.819299985,-0.07102092122503789,1282.0,1270.0,-32080743.0,483789091.0,35962262.0,2010,Vermont
134,134,500000 - 999999,51.0,273.0,,,0.0,523.0,2210.0,12.0,658.0,13.0,14.0,776.0,93.0,586.0,520053936.0,35717593.250599995,3245939.1948,0.0,0.9650404107315516,32471654.05579999,776.0,501873064.0,37299371.0,30841517.1723,2886942.96,0.0,,368236144.0,0.0701931777873684,27954574.212299995,-0.08151254972950184,598.0,594.0,-30015867.0,398252011.0,32121870.0,2010,Vermont
135,135,State Total,10326.0,13512.0,,,43980.0,32896.0,565101.0,26517.0,124943.0,4762.0,70999.0,307675.0,151453.0,254505.0,15648693875.2,517986042.7823,27291875.9717,25137754.0,0.994979401690865,490694166.8105999,307675.0,15570128069.19,535453664.0,517986042.7823,27291875.9717,25137754.0,,10494230182.39,0.04607149373200072,490694166.8106,-0.014911132355623859,307675.0,49695.0,-156480855.22,10650711037.61,535453664.0,2010,Vermont
136,136,Out of State,38555.0,288.0,,,592.0,3459.0,89836.0,2825.0,20686.0,1361.0,12901.0,47992.0,23120.0,34893.0,19998013777.41,33756318.89979999,280342.4399,224687.0,0.6818406047295946,33475976.45989999,47992.0,13635457807.38,1476599127.0,33756318.899799995,280342.4399,224687.0,,16303193201.0,0.001920376302109547,33475976.45989999,-0.0692376446799859,47992.0,11973.0,-1128794698.0,17431987899.0,1476599127.0,2010,Vermont
137,137,All Returns,48881.0,13800.0,,,44572.0,36355.0,654937.0,29342.0,145629.0,6123.0,83900.0,355667.0,174573.0,289398.0,35646707652.61,551742361.6820999,27572218.4116,25362441.0,0.8193066849592099,524170143.2704998,355667.0,29205585876.57,2012052791.0,551742361.6820999,27572218.4116,25362441.0,,26797423383.39,0.018665233867075564,524170143.2705,-0.04796265427580846,355667.0,61668.0,-1285275553.22,28082698936.61,2012052791.0,2010,Vermont
138,138,None/Missing,1.0,0.0,,,19.0,10.0,72.0,0.0,19.0,1.0,78.0,80.0,60.0,51.0,0.0,38.0,0.0,272.0,,38.0,80.0,0.0,38.0,715772.7740999998,8669.7088,16068970.0,,2309577.0,,707103.0652999999,,69469.0,329.0,2309577.0,0.0,723756.0,2012,Vermont
139,139,0.01 - 4999,317.0,28.0,,,5551.0,356.0,21007.0,1158.0,2517.0,280.0,25138.0,26503.0,22548.0,15500.0,67996395.75,77990.102,421.0,807480.0,0.9916971775669448,77569.102,26503.0,67431833.75,79681.0,2310644.122300001,41485.9429,4875412.0,,69337454.03000002,0.03431047323470951,2269158.1794000007,,28498.0,3585.0,3201433.0,66136021.03000001,2359360.0,2012,Vermont
140,140,5000 - 9999,724.0,355.0,,,8201.0,526.0,26294.0,1917.0,2759.0,312.0,20249.0,25893.0,20905.0,18192.0,193039566.77,388815.5073,12022.6214,3118208.0,0.98385732488867,376792.8859,25893.0,189923391.76,397767.0,5957634.5548000075,109482.3685,3231425.0,,175348198.22000003,0.03396330554780618,5848152.186300008,,23057.0,2537.0,3157886.0,172190312.22000003,6101395.0,2012,Vermont
141,141,10000 - 14999,842.0,566.0,,,8186.0,714.0,33405.0,2663.0,3497.0,345.0,8525.0,22918.0,16413.0,17070.0,285745981.17,1648710.2421000008,41311.714,5008153.0,0.9798024482221276,1607398.528100001,22918.0,279974611.92,1691219.0,9153837.83469999,160532.8639,1737737.0,,267414196.25,0.03396012734525266,8993304.970799988,,21234.0,2227.0,2594666.0,264819530.25,9378457.85,2012,Vermont
142,142,15000 - 19999,884.0,542.0,,,5158.0,958.0,34153.0,3165.0,4028.0,367.0,6319.0,21962.0,14402.0,17750.0,383676534.33,3780684.8049,81867.70139999999,5714332.0,0.9766173320042456,3698817.1034999993,21962.0,374705153.31,3893523.85,12013105.874200005,212428.6791,516965.0,,348069575.87,0.0341587584113305,11800677.195100006,,19772.0,2211.0,2603940.0,345465635.87,12257497.0,2012,Vermont
143,143,20000 - 24999,842.0,524.0,,,4428.0,1115.0,32960.0,2980.0,4072.0,430.0,2758.0,20704.0,13222.0,17789.0,465199552.1499999,6271628.654399994,106911.6981,4716252.0,0.9774926438307836,6164716.956299996,20704.0,454729140.1399999,6441473.0,13945026.830999998,239570.7122,32535.0,,402418470.57,0.03427972626680004,13705456.1188,,17815.0,2183.0,2606173.0,399812297.57,14197094.0,2012,Vermont
144,144,25000 - 29999,720.0,505.0,,,4315.0,1231.0,32158.0,2846.0,4160.0,451.0,1226.0,19847.0,12390.0,17601.0,545269630.9499999,9011357.986099996,146829.80179999993,3497478.0,0.9795489802346564,8864528.184299996,19847.0,534118310.9499999,9212385.0,15029019.1708,273337.49700000003,4937.0,,432455372.52,0.034317258747710584,14755681.673799995,,15659.0,2182.0,2476924.0,429978448.52,15279629.0,2012,Vermont
145,145,30000 - 34999,576.0,480.0,,,3783.0,1195.0,29810.0,2391.0,4398.0,433.0,639.0,17868.0,10646.0,16073.0,579505025.64,10745619.815499993,178480.4871,2099373.0,0.9828223525775186,10567139.328399988,17868.0,569550492.63,10943815.0,15666007.3326,297013.9437,3438.0,,450194455.8,0.034376436473664125,15368993.388899993,,13767.0,2137.0,3115149.0,447079306.8,15924407.0,2012,Vermont
146,146,35000 - 39999,501.0,440.0,,,2534.0,1253.0,27013.0,1971.0,4497.0,447.0,326.0,15615.0,8700.0,14193.0,584809369.5999999,11730348.337399995,175918.86180000007,1019709.0,0.9827006516381231,11554429.475599995,15615.0,574692548.5899999,11933329.0,16281124.909100002,327125.2844,0.0,,455539315.0,0.035214095447205385,15953999.624700002,,12084.0,2048.0,2482111.0,453057204.0,16544472.0,2012,Vermont
147,147,40000 - 44999,462.0,456.0,,,1482.0,1194.0,24177.0,1538.0,4482.0,374.0,259.0,13312.0,6918.0,12163.0,565125886.48,11890478.279700005,202594.1843,408191.0,0.9813673037071668,11687884.095400006,13312.0,554596067.47,12114898.0,16792849.381000005,371550.42019999993,0.0,,453253262.0,0.03637054073677232,16421298.9608,,10636.0,2095.0,1753267.0,451499995.0,17098241.0,2012,Vermont
148,148,45000 - 49999,359.0,440.0,,,589.0,1206.0,21686.0,1205.0,4553.0,317.0,183.0,11518.0,5443.0,10472.0,546685223.06,12209547.100000005,236120.8188,76841.0,0.9831469635333662,11973426.2812,11518.0,537471917.06,12428697.0,16840707.60380001,376850.0758,0.0,,446665430.35,0.03704170619714056,16463857.528000008,,9365.0,1911.0,2197310.0,444468120.35,17118728.0,2012,Vermont
149,149,50000 - 59999,591.0,868.0,,,9.0,2451.0,40522.0,1637.0,9959.0,373.0,301.0,19879.0,7910.0,18192.0,1089602089.06,26116462.75490003,557426.7182999997,91.0,0.9829534164935166,25559036.03660003,19879.0,1071028096.06,26607241.0,33336457.54630004,856188.2498000001,252.0,,873891643.01,0.037317263807305434,32480269.296500035,,15882.0,3651.0,3509788.0,870381855.01,33923444.0,2012,Vermont
150,150,60000 - 74999,657.0,1197.0,,,0.0,3524.0,54845.0,1413.0,15940.0,333.0,240.0,24085.0,6399.0,22198.0,1618536600.47,41293224.18019998,883360.9952000001,0.0,0.9851303127819219,40409863.18499999,24085.0,1594469467.47,41989092.0,48649366.9778,1353355.2562,0.0,,1185880165.0900002,0.0400466910280272,47296011.7216,,17627.0,4952.0,4858450.0,1181021715.0900002,49406827.0,2012,Vermont
151,151,75000 - 99999,764.0,1918.0,,,0.0,4946.0,71391.0,959.0,22752.0,260.0,229.0,28509.0,4538.0,26394.0,2464296025.1900005,69332614.33430009,1924519.1209,0.0,0.9856053466598984,67408095.21340005,28509.0,2428823338.1800003,70422456.0,64969835.6071,2166817.6067,0.0,,1401799991.0,0.0448731056737557,62803018.00040001,,16287.0,7466.0,2230760.0,1399569231.0,66083784.0,2012,Vermont
152,152,100000 - 124999,442.0,1567.0,,,0.0,3249.0,41484.0,375.0,13387.0,112.0,119.0,15433.0,1559.0,14323.0,1715189911.82,57470270.7427,1839501.5972,0.0,0.9842040220658416,55630769.14550001,15433.0,1688096809.82,58438514.05,42971297.55960001,1868889.726,0.0,,840852119.5899999,0.04870286180237751,41102407.83360002,,7600.0,6115.0,-3090234.3600000013,843942353.95,43923259.05,2012,Vermont
153,153,125000 - 149999,287.0,1139.0,,,0.0,2119.0,22245.0,175.0,7177.0,70.0,60.0,8188.0,766.0,7452.0,1114550358.03,42153800.33700001,1721870.0148999996,0.0,0.9815723163497946,40431930.32210001,8188.0,1094011776.62,42985722.0,30187069.261799995,1429810.7391,0.0,,555020585.0,0.05112987958958485,28757258.5227,,4125.0,3777.0,-7414898.0,562435483.0,31064800.0,2012,Vermont
154,154,150000 - 199999,339.0,1301.0,,,0.0,2479.0,20356.0,127.0,6489.0,56.0,66.0,7372.0,700.0,6567.0,1260488427.03,53326095.64219999,2651424.7391,0.0,0.9742269129145864,50674670.90309998,7372.0,1228001749.03,54775516.0,38563954.0199,2189903.0,0.0,,649985970.0,0.05462149276215778,36374051.01989999,,3884.0,3706.0,-15943304.0,665929274.0,39819287.0,2012,Vermont
155,155,200000 - 299999,255.0,1008.0,,,0.0,2092.0,12497.0,95.0,3920.0,36.0,38.0,4546.0,495.0,3864.0,1086140735.02,54222359.3672,3023393.1716,0.0,0.9683840796198776,51198966.1956,4546.0,1051801396.02,56002596.0,45154717.01860001,2730880.1716,0.0,,678367522.01,0.06021523632705082,42423836.84700001,,2924.0,2859.0,-26169061.0,704536583.01,46598941.0,2012,Vermont
156,156,300000 - 499999,142.0,649.0,,,0.0,1305.0,6442.0,44.0,1959.0,17.0,27.0,2289.0,269.0,1858.0,856809004.03,50435004.92210001,3405234.0,0.0,0.9618920659605292,47029770.92210002,2289.0,824157783.02,52510225.0,43123809.7379,3019287.0,0.0,,576321738.01,0.06606789818195706,40104522.7379,,1606.0,1585.0,-30698068.0,607019806.01,44991711.0,2012,Vermont
157,157,500000 - 999999,59.0,354.0,,,0.0,708.0,2802.0,22.0,850.0,14.0,13.0,1017.0,131.0,768.0,682667441.0,46208279.35229999,3767846.0,0.0,0.9654950454858444,42440433.3523,1017.0,659112032.0,47849568.0,41434021.71600001,3539393.0,0.0,,494641994.0,0.07144757721493755,37894628.716,,781.0,778.0,-35741683.0,530383677.0,42775310.0,2012,Vermont
158,158,State Total,9874.0,14569.0,,,44566.0,33266.0,562891.0,26819.0,123315.0,5154.0,71178.0,312505.0,157217.0,259851.0,17264963057.72,609675940.1234001,30981110.2459,26471671.0,0.9918367255534336,578694829.8775,312505.0,17124024425.97,628074188.9,609675940.1234001,30981110.2459,26471671.0,,11901837660.47,0.0481645584412628,578694829.8775,,312505.0,58766.0,-113113760.36,12014951420.83,628074188.9000001,2012,Vermont
159,159,Out of State,40082.0,344.0,,,606.0,4967.0,93063.0,2942.0,21616.0,1282.0,13089.0,49377.0,23537.0,35074.0,19752863015.37,43756786.90186001,342395.1774,225026.0,0.058845742141052725,43414391.72446001,49377.0,1162371883.55,1493522245.4,43756786.90186,342395.1774,225026.0,,17015968391.13,0.002447417217839572,43414391.72445999,,49377.0,14250.0,-722891746.0,17738860137.13,1493522245.4,2012,Vermont
160,160,All Returns,49956.0,14913.0,,,45172.0,38233.0,655954.0,29761.0,144931.0,6436.0,84267.0,361882.0,180754.0,294925.0,37017826073.09,653432727.0252602,31323505.4233,26696697.0,0.4939889304524353,622109221.6019603,361882.0,18286396309.52,2121596434.3,653432727.0252602,31323505.4233,26696697.0,,28917806051.6,0.02090855554388721,622109221.6019603,,361882.0,73016.0,-836005506.36,29753811557.96,2121596434.3,2012,Vermont
161,161,None/Missing,0.0,0.0,,,11.0,10.0,80.0,3.0,16.0,3.0,52.0,77.0,55.0,38.0,0.0,9538.0,0.0,133.0,,9538.0,77.0,0.0,9538.0,782192.0,19141.0,16486838.0,,1340217.0,,763051.0,,68740.0,265.0,1340217.0,0.0,790656.0,2013,Vermont
162,162,0.01 - 4999,252.0,23.0,,,5433.0,322.0,20544.0,1110.0,2405.0,241.0,24701.0,25976.0,22220.0,15156.0,66211642.0,67991.0,419.0,761911.0,0.9940000000000001,67572.0,25976.0,65831874.0,67991.0,2310518.0,42941.0,4877723.0,,69543231.0,0.034,2267577.0,,27990.0,3946.0,3609853.0,65933377.0,2356798.0,2013,Vermont
163,163,5000 - 9999,586.0,301.0,,,7983.0,443.0,25497.0,1912.0,2684.0,290.0,19988.0,25052.0,20166.0,17762.0,186357079.0,357402.0,10891.0,3063634.0,0.988,346511.0,25052.0,184126222.0,357402.0,5817172.0,104599.0,3214824.0,,171940752.0,0.034,5712573.0,,22526.0,2611.0,4178496.0,167762256.0,5929810.0,2013,Vermont
164,164,10000 - 14999,854.0,585.0,,,8484.0,643.0,30227.0,2727.0,3376.0,341.0,8771.0,22781.0,16337.0,17101.0,284505289.0,1534784.0,42410.0,5134163.0,0.981,1492373.0,22781.0,279134095.0,1534784.0,9006160.0,168215.0,1810889.0,,263172003.0,0.034,8837945.0,,20805.0,2270.0,3571163.0,259600840.0,9186081.0,2013,Vermont
165,165,15000 - 19999,794.0,497.0,,,4902.0,901.0,32730.0,3012.0,3693.0,348.0,6066.0,21326.0,14273.0,17379.0,372568537.0,3598292.0,69646.0,5558243.0,0.982,3528646.0,21326.0,365730143.0,3598292.0,11895507.0,190613.0,585557.0,,343594849.0,0.034,11704894.0,,19543.0,2224.0,2553557.0,341041292.0,12094188.0,2013,Vermont
166,166,20000 - 24999,771.0,524.0,,,4298.0,1082.0,32241.0,2940.0,3873.0,424.0,2894.0,20534.0,13297.0,17727.0,461569396.0,6102996.0,109374.0,4792570.0,0.981,5993622.0,20534.0,452847660.0,6102996.0,13936041.0,238388.0,41483.0,,401808625.0,0.034,13697653.0,,17758.0,2226.0,3193376.0,398615249.0,14157762.0,2013,Vermont
167,167,25000 - 29999,674.0,505.0,,,4094.0,1181.0,31291.0,2750.0,3938.0,419.0,1159.0,19631.0,12524.0,17437.0,539139813.0,8851772.0,132192.0,3556605.0,0.9840000000000001,8719580.0,19631.0,530774664.0,8851772.0,14994373.0,282636.0,2948.0,,431085059.0,0.034,14711736.0,,15588.0,2218.0,3167655.0,427917404.0,15214798.0,2013,Vermont
168,168,30000 - 34999,570.0,488.0,,,3816.0,1112.0,29702.0,2472.0,4169.0,447.0,556.0,18064.0,10976.0,16318.0,586003901.0,10846747.0,168597.0,2322150.0,0.985,10678150.0,18064.0,577191789.0,10846747.0,15758752.0,328830.0,835.0,,452686998.0,0.034,15429922.0,,13858.0,2127.0,3279931.0,449407067.0,15988219.0,2013,Vermont
169,169,35000 - 39999,473.0,480.0,,,2793.0,1183.0,26786.0,1938.0,4311.0,416.0,291.0,15599.0,8934.0,14208.0,584265319.0,11638019.0,187556.0,1229818.0,0.985,11450463.0,15599.0,575657204.0,11638019.0,16368513.0,330771.0,1733.0,,461714366.0,0.035,16037742.0,,12258.0,2238.0,2910593.0,458803773.0,16619056.0,2013,Vermont
170,170,40000 - 44999,407.0,474.0,,,1499.0,1151.0,23549.0,1493.0,4330.0,347.0,187.0,13438.0,7268.0,12291.0,570262295.0,12149337.0,222373.0,477069.0,0.985,11926964.0,13438.0,561970858.0,12149337.0,16962311.0,344081.0,1.0,,459570162.0,0.036000000000000004,16618231.0,,10762.0,2139.0,3042332.0,456527830.0,17196713.0,2013,Vermont
171,171,45000 - 49999,371.0,484.0,,,666.0,1139.0,21412.0,1261.0,4238.0,290.0,160.0,11638.0,5849.0,10662.0,552030136.0,12224699.0,237489.0,119071.0,0.9840000000000001,11987210.0,11638.0,543347898.0,12224699.0,17079119.0,421403.0,0.0,,453796588.0,0.037000000000000005,16657716.0,,9501.0,2074.0,3182212.0,450614376.0,17356295.0,2013,Vermont
172,172,50000 - 59999,601.0,888.0,,,75.0,2352.0,40630.0,1810.0,9656.0,436.0,248.0,20350.0,8448.0,18607.0,1116153713.0,26739382.0,560922.0,3149.0,0.985,26178460.0,20350.0,1099461213.0,26739382.0,34035937.0,851713.0,539.0,,891392327.0,0.037000000000000005,33184225.0,,16146.0,4038.0,6076669.0,885315658.0,34533630.0,2013,Vermont
173,173,60000 - 74999,655.0,1263.0,,,0.0,3469.0,53919.0,1588.0,15303.0,338.0,217.0,24173.0,6944.0,22247.0,1624215641.0,41656282.0,973931.0,0.0,0.986,40682351.0,24173.0,1601790810.0,41656282.0,49902610.0,1401440.0,597.0,,1230060367.0,0.04,48501170.0,,18249.0,5449.0,6820207.0,1223240160.0,50633851.0,2013,Vermont
174,174,75000 - 99999,789.0,2026.0,,,3.0,4986.0,71432.0,1042.0,22757.0,291.0,182.0,29033.0,4943.0,26929.0,2513094836.0,70393159.0,1888049.0,855.0,0.987,68505109.0,29033.0,2480283023.0,70393159.0,68122167.0,2227548.0,258.0,,1487181689.0,0.044000000000000004,65894619.0,,17265.0,7889.0,3930975.0,1483250714.0,69225491.0,2013,Vermont
175,175,100000 - 124999,493.0,1730.0,,,0.0,3472.0,44097.0,406.0,14297.0,123.0,84.0,16590.0,1764.0,15448.0,1843875541.0,61105144.0,1945568.0,0.0,0.986,59159576.0,16590.0,1817296650.0,61105144.0,45911727.0,1997838.0,0.0,,901182717.0,0.049,43913888.0,,8145.0,6603.0,-3369653.0,904552371.0,46762533.0,2013,Vermont
176,176,125000 - 149999,279.0,1178.0,,,0.0,2319.0,23714.0,185.0,7620.0,52.0,48.0,8713.0,856.0,7986.0,1187614693.0,44829938.0,1839942.0,0.0,0.983,42989996.0,8713.0,1167509370.0,44829938.0,32969050.0,1482543.0,0.0,,604740732.0,0.051,31486508.0,,4496.0,4123.0,-8916051.0,613656783.0,33716069.0,2013,Vermont
177,177,150000 - 199999,346.0,1444.0,,,0.0,2730.0,21781.0,149.0,6988.0,55.0,41.0,7961.0,769.0,7145.0,1363189741.0,57761208.0,2688472.0,0.0,0.9790000000000001,55072737.0,7961.0,1334800593.0,57761208.0,44138101.0,2326824.0,0.0,,744447966.0,0.055,41811277.0,,4457.0,4244.0,-19184914.0,763632880.0,45196746.0,2013,Vermont
178,178,200000 - 299999,258.0,1253.0,,,0.0,2363.0,14017.0,116.0,4461.0,36.0,28.0,5138.0,525.0,4400.0,1225606036.0,60551787.0,3509930.0,0.0,0.972,57041856.0,5138.0,1191368080.0,60551787.0,45696899.0,2871091.0,0.0,,690922892.0,0.059000000000000004,42825808.0,,3014.0,2943.0,-30687130.0,721610022.0,47202281.0,2013,Vermont
179,179,300000 - 499999,142.0,700.0,,,0.0,1373.0,6643.0,40.0,2065.0,20.0,11.0,2380.0,255.0,1976.0,894046309.0,54623007.0,3460028.0,0.0,0.9670000000000001,51162980.0,2380.0,864105631.0,54623007.0,46342386.0,3145190.0,0.0,,611059219.0,0.066,43197196.0,,1711.0,1697.0,-39591389.0,650650608.0,48039967.0,2013,Vermont
180,180,500000 - 999999,60.0,363.0,,,0.0,711.0,2793.0,27.0,836.0,11.0,6.0,994.0,120.0,763.0,666338303.0,46439762.0,4278149.0,0.0,0.963,42161613.0,994.0,641536982.0,46439762.0,42631403.0,3747679.0,0.0,,509882007.0,0.07,38883725.0,,822.0,818.0,-41872604.0,551754611.0,44250187.0,2013,Vermont
181,181,State Total,9400.0,15424.0,,,44347.0,33493.0,560067.0,27100.0,122776.0,5050.0,69754.0,314010.0,159084.0,262785.0,17621172293.0,622625754.0,36869947.0,27024225.0,0.9940000000000001,585755807.0,314010.0,17517086876.0,637321158.0,622625754.0,36869947.0,27024225.0,,12166444337.0,0.048,585755807.0,,314010.0,62515.0,-148466361.0,12314910698.0,637321158.0,2013,Vermont
182,182,Out of State,37164.0,365.0,,,644.0,4689.0,83453.0,2847.0,19041.0,1165.0,7597.0,46411.0,23358.0,36256.0,7113011547.0,44953421.0,372488.0,223541.0,0.204,44580933.0,46411.0,1454502855.0,465785254.0,44953421.0,372488.0,223541.0,,5743269188.0,0.006999999999999999,44580933.0,,46411.0,12293.0,-438396855.0,6181666043.0,465785254.0,2013,Vermont
183,183,All Returns,46564.0,15789.0,,,44991.0,38182.0,643520.0,29947.0,141817.0,6215.0,77351.0,360421.0,182442.0,299041.0,24734183840.0,667579175.0,37242435.0,27247766.0,0.767,630336740.0,360421.0,18971589731.0,1103106412.0,667579175.0,37242435.0,27247766.0,,17909713525.0,0.034,630336740.0,,360421.0,74808.0,-586863216.0,18496576741.0,1103106412.0,2013,Vermont
184,184,None/Missing,0.0,0.0,,,11.0,8.0,58.0,0.0,8.0,1.0,56.0,57.0,48.0,38.0,0.0,172.0,0.0,143.0,,172.0,57.0,0.0,172.0,725260.0827999997,8575.2784,15868858.41,,1083834.0,,716684.8043999998,,66355.0,227.0,1083834.0,0.0,728945.0,2014,Vermont
185,185,0.01 - 4999,252.0,24.0,,,5070.0,266.0,19474.0,1030.0,2239.0,206.0,23578.0,24797.0,21322.0,14570.0,62681326.31999998,61637.46310000001,294.0,688952.56,0.9930442223131304,61343.46310000001,24797.0,62245328.94899994,62512.0,2232679.4687,41646.0503,4965514.0,,67930844.03,0.034276924941025994,2191033.4184,,27225.0,3963.0,4009316.0,63921528.03000001,2277132.45,2014,Vermont
186,186,"5,000 - 9,999",641.0,309.0,,,7711.0,416.0,24442.0,1735.0,2548.0,294.0,19431.0,24423.0,19846.0,17232.0,181791501.51,374989.6352,11519.188,2943170.85,0.9870846873616316,363470.4472,24423.0,179443607.43299997,379947.0,5676333.584799991,99828.2072,3238344.0,,169127716.43,0.03397607588776834,5576505.377599995,,21993.0,2651.0,4997362.0,164130354.43,5798972.810000001,2014,Vermont
187,187,"10,000 - 14,999",794.0,539.0,,,8439.0,609.0,28959.0,2546.0,3217.0,328.0,8848.0,21923.0,15832.0,16332.0,273193777.8399999,1410256.5011999996,41532.2834,4876227.0,0.9815855294646672,1368724.217799999,21923.0,268163059.067529,1445314.0,8897153.319600003,156082.72790000006,1890465.0,,261098963.85,0.03402573488990905,8741070.591700004,,20617.0,2325.0,4203099.0,256895864.85,9079933.01,2014,Vermont
188,188,"15,000 - 19,999",835.0,545.0,,,4699.0,723.0,31591.0,2908.0,3452.0,350.0,5725.0,20752.0,14042.0,16898.0,362996079.6699997,3489582.5423999955,71290.2823,5375780.0,0.9793609056153976,3418292.2600999963,20752.0,355504169.32044995,3584699.81,11695424.6968,206970.5423,654140.0,,340334064.86999995,0.03416013660059592,11488454.154499998,,19250.0,2178.0,4022349.0,336311715.86999995,11920006.0,2014,Vermont
189,189,"20,000 - 24,999",806.0,512.0,,,4183.0,857.0,31319.0,2902.0,3582.0,439.0,2879.0,20192.0,13269.0,17355.0,454430418.80999976,5960421.565299992,108119.1381,4770708.0,0.9807551000030824,5852302.427199994,20192.0,445684950.8444439,6099332.46,13807155.47689999,221310.2534,56264.0,,399422283.23,0.03437896560791893,13585845.223499993,,17615.0,2257.0,4243284.0,395178999.23,14030881.2,2014,Vermont
190,190,"25,000 - 29,999",741.0,508.0,,,4053.0,1014.0,30526.0,2802.0,3648.0,441.0,1093.0,19386.0,12495.0,17182.0,532661127.6299997,8671767.013099995,132011.6385,3657383.0,0.9807801438624759,8539755.374599999,19386.0,522423457.3868999,8858873.0,15318799.450299993,288836.1831,2216.0,,442451043.0,0.0343015387383811,15029963.267199993,,15971.0,2279.0,4279351.0,438171692.0,15564349.0,2014,Vermont
191,191,"30,000 - 34,999",577.0,475.0,,,3691.0,1058.0,29112.0,2460.0,3922.0,437.0,562.0,17945.0,11126.0,16214.0,582213134.7099997,10744271.570499986,158219.93449999994,2375023.0,0.9848222165513292,10586051.635999992,17945.0,573376429.8303995,10923917.0,16111275.000199975,312960.1772,831.0,,463871866.72,0.0343826856385734,15798314.822999975,,14166.0,2342.0,4387259.0,459484607.72,16359734.0,2014,Vermont
192,192,"35,000 - 39,999",493.0,480.0,,,2914.0,1093.0,26698.0,2003.0,4081.0,415.0,286.0,15989.0,9490.0,14609.0,598540123.8699999,12000423.066399995,192844.3989,1280422.0,0.9852422703332996,11807578.667499993,15989.0,589707030.527253,12195055.2,16566926.427500006,335972.47640000004,745.0,,469718601.46,0.034850880079686127,16230953.951100005,,12441.0,2229.0,3992803.03,465725798.43,16822609.0,2014,Vermont
193,193,"40,000 - 44,999",420.0,447.0,,,1635.0,1070.0,23880.0,1620.0,4029.0,421.0,190.0,13855.0,7785.0,12638.0,587900547.1999997,12508167.584399994,210632.2422,545309.0,0.9852120498553208,12297535.342199994,13855.0,579206703.2179768,12697362.0,17038421.8579,376378.27070000005,159.0,,464300659.0,0.03617949161046643,16662043.5872,,10845.0,2117.0,3762303.0,460538356.0,17312641.0,2014,Vermont
194,194,"45,000 - 49,999",394.0,413.0,,,762.0,1113.0,21269.0,1285.0,4055.0,341.0,148.0,11898.0,6217.0,10868.0,564375932.1699997,12551769.4285,203992.02470000004,157565.0,0.9838684004895568,12347777.4038,11898.0,555271645.6589004,12765340.0,17458775.0138,381566.94600000005,0.0,,464283688.47,0.03709227333390162,17077208.0678,,9700.0,2137.0,3885699.0,460397989.47,17732325.439999998,2014,Vermont
195,195,"50,000 - 59,999",653.0,904.0,,,18.0,2220.0,39576.0,1881.0,9089.0,473.0,239.0,20464.0,9021.0,18756.0,1122331024.3199997,26915260.56880004,572329.1594,2688.0,0.984147685934624,26342931.409400035,20464.0,1104539480.4371636,27373193.44,34522298.94089999,832651.495,0.0,,902745778.63,0.037636735259731866,33689647.44590001,,16325.0,4046.0,7619057.0,895126721.63,35097023.0,2014,Vermont
196,196,"60,000 - 74,999",723.0,1252.0,,,0.0,3356.0,52444.0,1630.0,14522.0,377.0,229.0,24197.0,7668.0,22289.0,1625994227.9699993,41999332.2804,924387.3269,0.0,0.9842176132016948,41074944.95349999,24197.0,1600332158.1323652,42732676.0,51309335.14670003,1431365.3829,0.0,,1274819594.45,0.03941889621311881,49877969.76380002,,18863.0,5639.0,9488127.68,1265331466.77,52069796.83,2014,Vermont
197,197,"75,000 - 99,999",822.0,2105.0,,,0.0,5080.0,72097.0,1174.0,22778.0,322.0,189.0,29747.0,5473.0,27562.0,2578181873.730001,72173789.66290005,1871765.6815,0.0,0.9859366177830401,70302023.98140003,29747.0,2541923916.6148987,73312721.59,72854159.82500002,2393993.0446,0.0,,1607865853.01,0.04408686083382683,70460166.78040004,,18579.0,8412.0,9653473.0,1598212380.01,74223961.59,2014,Vermont
198,198,"100,000 - 124,999",551.0,1828.0,,,0.0,3718.0,46045.0,443.0,14978.0,133.0,87.0,17620.0,2066.0,16368.0,1961112794.67,64595863.96879999,2059707.6330000004,0.0,0.9838059525163236,62536156.33579999,17620.0,1929354440.9522684,65758022.05,50041864.47100001,1907284.6778,0.0,,991212529.09,0.04855976078845082,48134579.7932,,8921.0,7042.0,-31641.219999999965,991244170.31,51042717.05,2014,Vermont
199,199,"125,000 - 149,999",320.0,1314.0,,,0.0,2485.0,25116.0,215.0,8115.0,63.0,59.0,9477.0,1084.0,8644.0,1291769271.62,48439658.0782,1937908.124,0.0,0.9824334824269956,46501749.95419999,9477.0,1269077384.0098205,49356979.83,35216754.1938,1625505.4268999996,0.0,,653549125.0,0.05098187597168068,33591248.7669,,4825.0,4383.0,-5336962.0,658886087.0,36048084.0,2014,Vermont
200,200,"150,000 - 199,999",370.0,1572.0,,,0.0,3013.0,23617.0,180.0,7586.0,51.0,39.0,8748.0,931.0,7812.0,1497763814.09,63223631.06149997,2928167.0846999995,0.0,0.9776276293834048,60295463.97679997,8748.0,1464255286.9450533,64720353.0,48753303.20629998,2396668.0,0.0,,832175595.0,0.05463746652049839,46356635.20629999,,4952.0,4704.0,-16264828.0,848440423.0,49958476.0,2014,Vermont
201,201,"200,000 - 299,999",259.0,1333.0,,,0.0,2639.0,15222.0,105.0,4908.0,51.0,25.0,5672.0,608.0,4896.0,1356709851.0,67437128.8477,3514791.6038,0.0,0.978164464334828,63922337.2439,5672.0,1327085364.6611993,68978896.0,51278984.34269999,2957823.6038,0.0,,777343846.0,0.05997146883572468,48321160.7389,,3370.0,3309.0,-28391976.0,805735822.0,52590263.0,2014,Vermont
202,202,"300,000 - 499,999",137.0,798.0,,,0.0,1580.0,7357.0,64.0,2257.0,18.0,16.0,2685.0,346.0,2194.0,1006080419.01,61029898.28159997,3936357.6821,0.0,0.9744577181050926,57093540.59949999,2685.0,980382829.3387,62629609.0,54182720.37879999,3505007.6821000013,0.0,,720739154.0,0.0670830245264039,50677712.69669999,,1994.0,1971.0,-34708488.0,755447642.0,55581968.0,2014,Vermont
203,203,"500,000 - 999,999",60.0,428.0,,,0.0,867.0,3206.0,28.0,1009.0,7.0,5.0,1203.0,159.0,910.0,797324020.01,54939649.01689999,4009695.0,0.0,0.9669602329298076,50929954.01689999,1203.0,770980620.1094,56930116.0,49506013.49219998,3844894.0,0.0,,608132679.0,0.07101402548636794,45661119.49219998,,959.0,954.0,-34854663.0,642987342.0,51422478.0,2014,Vermont
204,204,"1,000,000 +",41.0,257.0,,,0.0,470.0,1505.0,20.0,455.0,11.0,8.0,559.0,73.0,393.0,1758638778.0,125882873.4196,21458048.5832,0.0,0.9810021675113813,104424824.8364,559.0,1711151059.2135,129573564.0,121576303.17980002,21018292.5832,0.0,,1411690060.0,0.06961528370806673,100558010.5966,,490.0,489.0,-32791744.0,1444481804.0,125075757.0,2014,Vermont
205,205,State Total,9889.0,16043.0,,,43443.0,33835.0,559099.0,27137.0,121800.0,5269.0,67480.0,315456.0,161250.0,264619.0,18913012004.71,694769941.5565,44343613.0092,26677536.41,0.9957818748640274,650426328.5473,315456.0,18830108922.650227,710738053.38,694769941.5565001,44343613.00920001,26677536.41,,13323897779.24,0.04851519890840007,650426328.5473,,315456.0,65654.0,-82752985.50999999,13406650764.75,710738053.3800001,2014,Vermont
206,206,Out of State,37716.0,442.0,,,688.0,4038.0,83414.0,2977.0,18772.0,1181.0,8004.0,47633.0,24703.0,37387.0,10511304673.9,51446197.22629499,454780.3976,255313.0,0.12465658022138325,50991416.82869499,47633.0,1310303294.3134158,661155654.59,51446197.22629498,454780.3976,255313.0,,7676545030.51,0.006074017510939657,50991416.82869497,,47633.0,12559.0,-718461526.0,8395006556.51,661155654.59,2014,Vermont
207,207,All Returns,47605.0,16485.0,,,44131.0,37873.0,642513.0,30114.0,140572.0,6450.0,75484.0,363089.0,185953.0,302006.0,29424316678.61,746216138.7827951,44798393.4068,26932849.41,0.6922324880404949,701417745.3759949,363089.0,20140412216.963642,1371893707.97,746216138.7827951,44798393.40680001,26932849.41,,21000442809.75,0.032172680041714245,701417745.3759949,,363089.0,78213.0,-801214511.51,21801657321.26,1371893707.9700005,2014,Vermont
208,208,None/Missing,0.0,0.0,,,9.0,19.0,62.0,2.0,7.0,1.0,69.0,71.0,61.0,48.0,0.0,74.0,0.0,135.0,,74.0,71.0,0.0,74.0,1364925.8101000006,62187.7882,15988316.0,,531001.0,,1302738.0219000005,,66184.0,178.0,531001.0,0.0,1368738.0,2015,Vermont
209,209,0.01 - 4999,221.0,24.0,,,5038.0,263.0,19658.0,1044.0,2277.0,222.0,23885.0,25014.0,21471.0,14651.0,63164144.28,53409.0582,411.0,687561.0,,52998.0582,25014.0,62789234.68399999,53871.0,2163129.1067,41779.7153,4771847.0,,64464038.16,,2121349.3913999987,,26805.0,4621.0,2675091.0,61788947.16,2207361.0,2015,Vermont
210,210,5000 - 9999,575.0,334.0,,,7674.0,415.0,23638.0,1688.0,2448.0,241.0,19088.0,24143.0,19766.0,17196.0,179820005.50000003,373048.5593999999,12296.7794,2857955.0,,360751.7799999999,24143.0,177612524.98749986,378160.0,5649732.0028,105878.8752,3380326.0,,166412713.01,,5543853.127599998,,21805.0,3262.0,3375460.0,163037253.01,5771788.0,2015,Vermont
211,211,10000 - 14999,783.0,611.0,,,8279.0,571.0,27672.0,2420.0,3107.0,305.0,8844.0,21502.0,15670.0,16007.0,268023284.57,1343022.9322999998,47194.1152,4673381.0,,1295828.8171,21502.0,262919367.0749004,1377493.0,8680484.375099998,148181.4003,1991194.0,,252856398.58,,8532302.974800002,,20104.0,2935.0,2103922.0,250752476.58,8859448.0,2015,Vermont
212,212,15000 - 19999,835.0,564.0,,,4571.0,760.0,30529.0,2879.0,3201.0,367.0,5609.0,20203.0,13756.0,16373.0,353363710.25,3356912.952899998,72719.758,5396438.0,,3284193.194899998,20203.0,345773219.44629985,3452778.0,11800057.034899993,210119.40620000003,758679.0,,340201981.7,,11589937.628699996,,19371.0,3126.0,1607907.0,338594074.7,12014237.0,2015,Vermont
213,213,20000 - 24999,815.0,520.0,,,4081.0,880.0,30759.0,2838.0,3534.0,379.0,2976.0,19915.0,13164.0,17084.0,447691622.01,5807538.880600002,100927.4772,4800330.0,,5706611.403400002,19915.0,438627886.21209985,5950915.0,13916462.520899992,264023.8256,80609.0,,399443446.12,,13652438.695299994,,17767.0,3432.0,801741.0,398641705.12,14153932.0,2015,Vermont
214,214,25000 - 29999,720.0,541.0,,,4144.0,1081.0,30764.0,2893.0,3629.0,398.0,1061.0,19691.0,12771.0,17539.0,541190118.04,8788703.406700006,140344.12080000006,3844597.0,,8648359.285900004,19691.0,531531261.3223994,8962268.0,15357829.994300013,264416.1401,5338.0,,438727298.01,,15093413.854200013,,15971.0,3733.0,210584.0,438516714.01,15595527.0,2015,Vermont
215,215,30000 - 34999,583.0,557.0,,,3767.0,1034.0,29380.0,2509.0,3772.0,488.0,576.0,18385.0,11616.0,16701.0,596586430.81,11061375.3822,187759.7315,2530597.0,,10873615.650699995,18385.0,587247046.7554004,11246446.0,15989079.455799986,329951.4587,2157.0,,456656047.0,,15659127.997099984,,14103.0,3890.0,-796167.0,457452214.0,16283177.0,2015,Vermont
216,216,35000 - 39999,525.0,497.0,,,3042.0,1098.0,26817.0,2057.0,3889.0,493.0,297.0,16381.0,9942.0,14909.0,613551874.02,12380187.20579998,204088.4796,1371397.0,,12176098.726199985,16381.0,604029694.9295013,12586895.0,16710544.8932,334908.9647,364.0,,471102669.23,,16375635.9285,,12617.0,3907.0,-1316276.0,472418945.23,16986244.0,2015,Vermont
217,217,40000 - 44999,509.0,496.0,,,1695.0,1092.0,23629.0,1662.0,3799.0,421.0,208.0,14002.0,8120.0,12789.0,594235292.0,12777471.663100002,237655.1485,608098.0,,12539816.514600005,14002.0,584067907.6876997,13015554.0,17265531.338699996,336620.7999,0.0,,465197357.0,,16928910.538799994,,11017.0,3906.0,-2468392.0,467665749.0,17570109.0,2015,Vermont
218,218,45000 - 49999,396.0,487.0,,,794.0,1214.0,21312.0,1306.0,3902.0,361.0,152.0,12263.0,6694.0,11207.0,581775732.23,13073791.143700013,243766.09130000003,185215.0,,12830025.052400008,12263.0,572644534.7336001,13292841.0,17645092.98549999,396385.9359,388.0,,462777104.0,,17248707.049599987,,9816.0,3744.0,-2995557.0,465772661.0,17970041.0,2015,Vermont
219,219,50000 - 59999,673.0,890.0,,,182.0,2257.0,39199.0,1947.0,8717.0,541.0,209.0,20790.0,9585.0,19103.0,1139681477.03,27863272.8418,562314.9141999999,19603.0,,27300957.927599996,20790.0,1120451253.6419,28379936.0,33963520.37339998,852156.6902,0.0,,870620602.01,,33111363.683199976,,16023.0,6865.0,-7933694.0,878554296.01,34559221.0,2015,Vermont
220,220,60000 - 74999,771.0,1260.0,,,0.0,3377.0,52140.0,1797.0,14165.0,463.0,215.0,24464.0,8039.0,22562.0,1642509652.04,43290334.9828,983042.199,0.0,,42307292.78379998,24464.0,1614913112.3969998,44090890.0,51573561.27130008,1404889.7881999998,98.0,,1255838904.01,,50168671.48310006,,18967.0,9557.0,-16238135.0,1272077039.01,52369398.0,2015,Vermont
221,221,75000 - 99999,852.0,2125.0,,,0.0,5061.0,70991.0,1257.0,22328.0,328.0,174.0,29754.0,5841.0,27615.0,2578836682.27,73771239.2104,1971305.1399,0.0,,71799934.07049996,29754.0,2540875682.016097,74973026.66,75987470.97209996,2390945.0232999995,0.0,,1633724041.24,,73596525.94879998,,19366.0,12479.0,-34048083.01,1667772124.25,77358521.66,2015,Vermont
222,222,100000 - 124999,577.0,1879.0,,,0.0,3680.0,47338.0,468.0,15462.0,135.0,82.0,18357.0,2292.0,17150.0,2043173564.01,69413172.55499999,2204271.9499999997,0.0,,67208900.60500002,18357.0,2010008830.0702093,70654034.0,56529062.25729998,2157400.6942,0.0,,1090534821.0,,54371661.56309997,,10133.0,8622.0,-36037328.0,1126572149.0,57763977.0,2015,Vermont
223,223,125000 - 149999,363.0,1344.0,,,0.0,2587.0,26630.0,235.0,8670.0,69.0,43.0,10025.0,1051.0,9212.0,1367549531.0,53312637.65350001,1913836.2713,0.0,,51398801.38220001,10025.0,1342035505.1788998,54355133.0,39883969.36110001,1714005.3778,0.0,,717939713.0,,38169963.983300015,,5494.0,5101.0,-30839278.0,748778991.0,40859018.0,2015,Vermont
224,224,150000 - 199999,410.0,1653.0,,,0.0,3057.0,25071.0,200.0,8087.0,60.0,35.0,9280.0,933.0,8408.0,1585080673.01,69335483.58749996,3156151.3927,0.0,,66179332.19479994,9280.0,1547433323.4466007,71055219.0,53228235.22180002,2691229.016,0.0,,886211514.0,,50537006.20580001,,5439.0,5240.0,-46217311.0,932428825.0,54677909.0,2015,Vermont
225,225,200000 - 299999,297.0,1440.0,,,0.0,2697.0,15987.0,128.0,5154.0,46.0,30.0,5962.0,634.0,5153.0,1425785845.02,73051750.38409998,4122982.1158,0.0,,68928768.26829998,5962.0,1388162961.3360994,75094445.0,58616865.5926,3505753.047,0.0,,868716658.0,,55111112.5456,,3868.0,3803.0,-58379918.99,927096576.99,60284774.0,2015,Vermont
226,226,300000 - 499999,163.0,878.0,,,0.0,1574.0,7556.0,64.0,2388.0,24.0,12.0,2786.0,310.0,2345.0,1044781928.01,64896886.51590002,3828156.0764,0.0,,61068730.43950001,2786.0,1011096339.5183002,67139572.0,54311687.74790001,3405704.0928,0.0,,709162856.0,,50905983.6551,,2031.0,2014.0,-61107950.0,770270806.0,56415380.0,2015,Vermont
227,227,500000 - 999999,63.0,411.0,,,0.0,812.0,3110.0,23.0,972.0,9.0,5.0,1148.0,144.0,910.0,771029137.0,54808816.70329998,4960539.2788,0.0,,49848277.42449999,1148.0,742613610.3136,56945906.0,52164040.30369998,4962183.0,0.0,,620653153.0,,47201857.30369999,,1006.0,1002.0,-56144651.0,676797804.0,53978809.0,2015,Vermont
228,228,State Total,10160.0,16768.0,,,43518.0,34151.0,558915.0,27544.0,121218.0,5448.0,67163.0,318329.0,164119.0,268176.0,18878603431.11,693760061.421,38709631.97,26979316.0,,655050429.4509999,318329.0,18732821472.555702,710761900.66,693760061.421,38709631.97,26979316.0,,13217170386.07,,655050429.451,,318329.0,91857.0,-381602751.0,13598773137.070002,710761900.66,2015,Vermont
229,229,Out of State,38227.0,497.0,,,683.0,3221.0,81749.0,3004.0,18186.0,1167.0,8007.0,48175.0,25818.0,38608.0,7263276086.02,56603489.76019998,5437155.0804,243859.0,,51166334.67980001,48175.0,1363439274.0584848,483771795.0,56603489.76019997,5437155.0804,243859.0,,6036571587.110001,,51166334.6798,,48175.0,15364.0,-377871491.0,6414443078.110001,483771795.0,2015,Vermont
230,230,All Returns,48387.0,17265.0,,,44201.0,37372.0,640664.0,30548.0,139404.0,6615.0,75170.0,366504.0,189937.0,306784.0,26141879517.13,750363551.1812,44146787.0504,27223175.0,,706216764.1307999,366504.0,20096260746.61419,1194533695.6599998,750363551.1812,44146787.0504,27223175.0,,19253741973.18,,706216764.1308,,366504.0,107221.0,-759474242.0,20013216215.18,1194533695.6599998,2015,Vermont
